element,n_lines,[X/H],std_[X/H],[X/Fe],mean_abund,std_abund,log_eps,normal_abund,x_over_h,x_over_fe
Fe I,38,-0.08302631578947336,0.022904247873202877,0.0,-4.648789473684211,0.032344492653095455,7.351210526315789,,"[-0.1   -0.13  -0.097 -0.074 -0.107 -0.061 -0.049 -0.052 -0.108 -0.07
 -0.093 -0.046 -0.056 -0.096 -0.106 -0.091 -0.11  -0.071 -0.081 -0.056
 -0.068 -0.068 -0.114 -0.107 -0.064 -0.072 -0.105 -0.131 -0.089 -0.077
 -0.086 -0.082 -0.041 -0.068 -0.085 -0.104 -0.054 -0.086]",0.0
Fe II,5,-0.07759999999999963,0.011182128598795395,0.0,-4.671399999999999,0.028959281759049067,7.328600000000001,,[-0.066 -0.092 -0.083 -0.063 -0.084],0.0
Al 1,2,-0.05999999999999961,0.01100000000000012,0.023026315789473756,-5.7299999999999995,0.01100000000000012,6.2700000000000005,[6.317 6.295],[-0.049 -0.071],[0.03402632 0.01202632]
Ba 2,2,-0.10650000000000026,0.0004999999999999449,-0.028900000000000634,-9.9765,0.0005000000000006111,2.0235000000000003,[2.06  2.059],[-0.106 -0.107],[-0.0284 -0.0294]
Ca 1,10,-0.07939999999999917,0.039092710317909646,0.0036263157894741993,-5.809399999999999,0.03909271031790965,6.190600000000001,[6.193 6.265 6.209 6.181 6.291 6.2   6.174 6.26  6.227 6.266],[-0.113 -0.041 -0.097 -0.125 -0.015 -0.106 -0.132 -0.046 -0.079 -0.04 ],"[-0.02997368  0.04202632 -0.01397368 -0.04197368  0.06802632 -0.02297368
 -0.04897368  0.03702632  0.00402632  0.04302632]"
Ce 2,2,-0.20099999999999962,0.0020000000000000018,-0.1234,-10.541,0.0019999999999997797,1.4589999999999996,[1.497 1.493],[-0.199 -0.203],[-0.1214 -0.1254]
Co 1,3,0.006666666666667116,0.1262651531060286,0.08969298245614048,-7.113333333333333,0.1262651531060286,4.886666666666667,[4.796 4.877 5.095],[-0.12  -0.039  0.179],[-0.03697368  0.04402632  0.26202632]
Cr 1,6,-0.11533333333333247,0.024170689320377706,-0.032307017543859104,-6.515333333333332,0.024170689320377706,5.484666666666668,[5.493 5.535 5.515 5.526 5.562 5.493],[-0.143 -0.101 -0.121 -0.11  -0.074 -0.143],[-0.05997368 -0.01797368 -0.03797368 -0.02697368  0.00902632 -0.05997368]
Cr 2,3,-0.13399999999999915,0.04678318786344778,-0.05639999999999952,-6.533999999999999,0.046783187863447775,5.466000000000001,[5.44  5.553 5.513],[-0.196 -0.083 -0.123],[-0.1184 -0.0054 -0.0454]
Cu 1,2,0.07250000000000068,0.34750000000000014,0.15552631578947404,-7.7575,0.3475000000000006,4.2425,[4.626 3.931],[ 0.42  -0.275],[ 0.50302632 -0.19197368]
Mg 1,3,-0.02866666666666647,0.10173276539815246,0.0543596491228069,-4.538666666666667,0.10173276539815247,7.461333333333333,[7.619 7.503 7.37 ],[ 0.093 -0.023 -0.156],[ 0.17602632  0.06002632 -0.07297368]
Mn 1,1,-0.02999999999999936,0.0,0.053026315789474004,-6.68,0.0,5.32,[5.356],[-0.03],[0.05302632]
Na 1,2,0.034000000000000696,0.0019999999999997797,0.11702631578947406,-5.835999999999999,0.0019999999999997797,6.164000000000001,[6.202 6.198],[0.036 0.032],[0.11902632 0.11502632]
Ni 1,14,-0.06235714285714274,0.06441673156969749,0.020669172932330622,-5.872357142857141,0.06441673156969747,6.127642857142859,"[6.142 6.078 6.045 6.127 6.199 6.2   6.087 6.183 6.143 6.182 6.232 6.296
 6.219 6.158]","[-0.084 -0.148 -0.181 -0.099 -0.027 -0.026 -0.139 -0.043 -0.083 -0.044
  0.006  0.07  -0.007 -0.068]","[-9.73684211e-04 -6.49736842e-02 -9.79736842e-02 -1.59736842e-02
  5.60263158e-02  5.70263158e-02 -5.59736842e-02  4.00263158e-02
  2.63157895e-05  3.90263158e-02  8.90263158e-02  1.53026316e-01
  7.60263158e-02  1.50263158e-02]"
Sc 2,3,-0.17300000000000035,0.04477350406955735,-0.09540000000000072,-9.043000000000001,0.04477350406955696,2.956999999999999,[2.967 2.956 3.056],[-0.199 -0.21  -0.11 ],[-0.1214 -0.1324 -0.0324]
Si 1,7,-0.06499999999999938,0.04162416880336982,0.018026315789473987,-4.595,0.04162416880336982,7.405,[7.443 7.413 7.404 7.456 7.38  7.489 7.502],[-0.063 -0.093 -0.102 -0.05  -0.126 -0.017 -0.004],"[ 0.02002632 -0.00997368 -0.01897368  0.03302632 -0.04297368  0.06602632
  0.07902632]"
Sr 1,1,-0.3320000000000003,0.0,-0.24897368421052693,-9.452,0.0,2.548,[2.584],[-0.332],[-0.24897368]
Ti 1,15,-0.08859999999999998,0.046970629120760235,-0.005573684210526619,-7.228600000000001,0.046970629120760235,4.771399999999999,"[4.736 4.768 4.763 4.75  4.86  4.786 4.819 4.784 4.774 4.868 4.794 4.874
 4.842 4.804 4.889]","[-0.16  -0.128 -0.133 -0.146 -0.036 -0.11  -0.077 -0.112 -0.122 -0.028
 -0.102 -0.022 -0.054 -0.092 -0.007]","[-0.07697368 -0.04497368 -0.04997368 -0.06297368  0.04702632 -0.02697368
  0.00602632 -0.02897368 -0.03897368  0.05502632 -0.01897368  0.06102632
  0.02902632 -0.00897368  0.07602632]"
Ti 2,11,-0.019636363636363494,0.04403567299210683,0.057963636363636134,-7.159636363636364,0.04403567299210684,4.840363636363636,[4.84  4.817 4.847 4.956 4.893 4.927 4.878 4.812 4.874 4.924 4.872],"[-0.056 -0.079 -0.049  0.06  -0.003  0.031 -0.018 -0.084 -0.022  0.028
 -0.024]","[ 0.0216 -0.0014  0.0286  0.1376  0.0746  0.1086  0.0596 -0.0064  0.0556
  0.1056  0.0536]"
V 1,4,-0.18975000000000053,0.07502457930571818,-0.10672368421052716,-8.22975,0.07502457930571817,3.7702500000000008,[3.863 3.897 3.742 3.723],[-0.133 -0.099 -0.254 -0.273],[-0.04997368 -0.01597368 -0.17097368 -0.18997368]
Y 2,5,-0.12439999999999954,0.059159445568734016,-0.04679999999999991,-9.954399999999998,0.05915944556873358,2.045600000000002,[2.177 2.062 2.117 2.009 2.043],[-0.029 -0.144 -0.089 -0.197 -0.163],[ 0.0486 -0.0664 -0.0114 -0.1194 -0.0854]
Zn 1,3,-0.08233333333333241,0.04195500235040201,0.0006929824561409531,-7.522333333333333,0.04195500235040201,4.477666666666667,[4.573 4.484 4.484],[-0.023 -0.112 -0.112],[ 0.06002632 -0.02897368 -0.02897368]
Zr 2,3,-0.07666666666666533,0.05126618985473982,0.0009333333333342991,-9.536666666666665,0.051266189854739325,2.4633333333333347,[2.454 2.473 2.571],[-0.122 -0.103 -0.005],[-0.0444 -0.0254  0.0726]
