element	wave_A	wave_nm	loggf	lower_state_eV	lower_state_cm1	lower_j	upper_state_eV	upper_state_cm1	upper_j	upper_g	lande_lower	lande_upper	spectrum_transition_type	turbospectrum_rad	rad	stark	waals	waals_single_gamma_format	turbospectrum_fdamp	spectrum_fudge_factor	theoretical_depth	theoretical_ew	lower_orbital_type	upper_orbital_type	molecule	spectrum_synthe_isotope	ion	spectrum_moog_species	turbospectrum_species	width_species	reference_code	spectrum_support	turbospectrum_support	moog_support	width_support	synthe_support	sme_support
Ag 1	3280.68	328.068	-0.022	0.0	0.0	0.5	3.778	30471.625	1.5	4.0	99.0	99.0	99	100000.0	0.0	0.0	0.0	0.0	2.5	1.0	0.87	34.86	s	p	F	0	1	47.0	47.0	47.0	Melendez2014	T	T	T	F	T	T
Ag 1	3382.89	338.289	-0.334	0.0	0.0	0.5	3.664	29552.153	0.5	2.0	99.0	99.0	99	100000.0	0.0	0.0	0.0	0.0	2.5	1.0	0.73	25.47	s	p	F	0	1	47.0	47.0	47.0	Melendez2014	T	T	T	F	T	T
Al 1	6696.018	669.6018	-1.481	3.143	25349.99222	0.5	4.994	40279.327	1.5	4.0	99.0	99.0	99	100000.0	0.0	0.0	0.0	0.0	2.5	1.0	0.38	42.85	s	p	F	0	1	13.0	13.0	13.0	Melendez2014	T	T	T	F	T	T
Al 1	6698.667	669.8667	-1.782	3.143	25349.99222	0.5	4.993	40271.261	0.5	2.0	99.0	99.0	99	100000.0	0.0	0.0	0.0	0.0	2.5	1.0	0.26	27.03	s	p	F	0	1	13.0	13.0	13.0	Melendez2014	T	T	T	F	T	T
Al 1	7835.309	783.5309	-0.68	4.021	32431.53634	1.5	5.603	45191.243	2.5	6.0	99.0	99.0	99	100000.0	0.0	0.0	0.0	0.0	2.5	1.0	0.27	40.79	d	f	F	0	1	13.0	13.0	13.0	Melendez2014	T	T	T	F	T	T
Al 1	7836.134	783.6134	-0.45	4.021	32431.53634	2.5	5.603	45191.243	2.5	6.0	99.0	99.0	99	100000.0	0.0	0.0	0.0	0.0	2.5	1.0	0.03	4.14	d	f	F	0	1	13.0	13.0	13.0	Melendez2014	T	T	T	F	T	T
Al 1	8772.866	877.2866	-0.38	4.0215	32435.56911	1.5	5.434	43828.166	2.5	6.0	99.0	99.0	AO	100000.0	0.0	0.0	2983.344	-6.675	2983.344	1.0	0.34	80.74	d	f	F	0	1	13.0	13.0	13.0	Melendez2014	T	T	T	F	T	T
Al 1	8773.896	877.3896000000001	-0.22	4.0216	32436.375664000003	2.5	5.434	43828.166	3.5	8.0	99.0	99.0	AO	100000.0	0.0	0.0	2983.344	-6.675	2983.344	1.0	0.38	99.31	d	f	F	0	1	13.0	13.0	13.0	Melendez2014	T	T	T	F	T	T
Ba 2	5853.67	585.367	-0.91	0.604	4871.58616	1.5	2.722	21954.411	1.5	4.0	0.79	1.32	AO	100000.0	0.0	0.0	365.264	-7.578	365.264	1.0	0.71	62.11	d	p	F	0	2	56.1	56.0	56.01	Melendez2014	T	T	T	F	T	T
Ba 2	6141.71	614.171	-0.08	0.704	5678.14016	2.5	2.722	21954.411	1.5	4.0	1.12	1.32	AO	100000.0	0.0	0.0	365.264	-7.578	365.264	1.0	0.78	112.83	d	p	F	0	2	56.1	56.0	56.01	Melendez2014	T	T	T	F	T	T
Ba 2	6496.9	649.6899999999999	-0.38	0.604	4871.58616	1.5	2.512	20260.647	0.5	2.0	0.79	99.0	AO	100000.0	0.0	0.0	365.264	-7.578	365.264	1.0	0.74	100.49	d	p	F	0	2	56.1	56.0	56.01	Melendez2014	T	T	T	F	T	T
C 1	5380.337	538.0337000000001	-1.57	7.685	61983.6749	1.0	9.989	80566.719	1.0	3.0	1.0	1.0	GA	490000000.0	8.69	-5.65	-7.37	-7.37	-7.37	1.0	0.16	19.07	s	p	F	0	1	6.0	6.0	6.0	Melendez2014	T	T	T	T	T	T
C 1	6587.61	658.761	-1.05	8.537	68855.51498	1.0	10.419	84034.903	1.0	3.0	1.0	1.0	GA	126000000.0	8.1	-3.44	-7.26	-7.26	-7.26	1.0	0.08	16.35	p	d	F	0	1	6.0	6.0	6.0	Melendez2014	T	T	T	T	T	T
C 1	7111.47	711.147	-1.07	8.64	69686.2656	1.0	10.383	83744.543	2.0	5.0	0.5	0.68	AO	31600000.0	7.5	-4.13	1843.313	-6.872	1843.313	1.0	0.06	10.66	p	s	F	0	1	6.0	6.0	6.0	Melendez2014	T	T	T	T	T	T
C 1	7113.179	711.3179	-0.76	8.647	69742.72438	3.0	10.39	83801.002	4.0	9.0	1.33	1.25	AO	27500000.0	7.44	-4.13	1858.314	-6.869	1858.314	1.0	0.1	18.86	p	d	F	0	1	6.0	6.0	6.0	Melendez2014	T	T	T	T	T	T
Ca 1	5260.387	526.0387	-1.719	2.521	20333.22634	1.0	4.878	39343.724	2.0	5.0	0.5	1.5	AO	79800000.0	7.902	-5.756	421.26	-7.512	421.26	1.0	0.46	33.6	s	p	F	0	1	20.0	20.0	20.0	Melendez2014	T	T	T	T	T	T
Ca 1	5512.98	551.298	-0.464	2.933	23656.22882	1.0	5.181	41787.583	0.0	1.0	1.0	0.0	GA	280000000.0	8.447	-4.053	-7.316	-7.316	-7.316	1.0	0.68	89.7	s	p	F	0	1	20.0	20.0	20.0	Melendez2014	T	T	T	T	T	T
Ca 1	5581.965	558.1965	-0.555	2.5229	20348.550866	2.0	4.744	38262.941	3.0	7.0	1.16	1.33	AO	71300000.0	7.853	-6.072	400.282	-7.538	400.282	1.0	0.71	96.08	s	p	F	0	1	20.0	20.0	20.0	Melendez2014	T	T	T	T	T	T
Ca 1	5590.114	559.0114	-0.571	2.521	20333.22634	1.0	4.739	38222.613	2.0	5.0	0.5	1.17	AO	71100000.0	7.852	-6.071	399.282	-7.539	399.282	1.0	0.71	95.22	s	p	F	0	1	20.0	20.0	20.0	Melendez2014	T	T	T	T	T	T
Ca 1	5867.562	586.7562	-1.57	2.933	23656.22882	1.0	5.045	40690.669	0.0	1.0	1.0	0.0	GA	262000000.0	8.419	-4.705	-7.46	-7.46	-7.46	1.0	0.31	24.19	p	s	F	0	1	20.0	20.0	20.0	Melendez2014	T	T	T	T	T	T
Ca 1	6166.439	616.6439	-1.142	2.521	20333.22634	1.0	4.531	36544.98	0.0	1.0	0.5	0.0	AO	18600000.0	7.269	-4.999	976.257	-7.146	976.257	1.0	0.58	72.12	s	p	F	0	1	20.0	20.0	20.0	Melendez2014	T	T	T	T	T	T
Ca 1	6169.042	616.9042000000001	-0.797	2.523	20349.35742	2.0	4.532	36553.045	1.0	3.0	1.16	1.49	AO	19800000.0	7.296	-4.997	976.257	-7.146	976.257	1.0	0.64	96.85	s	p	F	0	1	20.0	20.0	20.0	Melendez2014	T	T	T	T	T	T
Ca 1	6455.598	645.5598	-1.34	2.523	20349.35742	2.0	4.443	35835.212	2.0	5.0	1.16	0.89	AO	46500000.0	7.667	-6.072	365.241	-7.57	365.241	1.0	0.52	55.56	s	p	F	0	1	20.0	20.0	20.0	Melendez2014	T	T	T	T	T	T
Ca 1	6471.662	647.1662	-0.686	2.525	20365.4885	3.0	4.441	35819.081	3.0	7.0	1.33	1.08	AO	44200000.0	7.645	-6.072	365.241	-7.57	365.241	1.0	0.63	91.89	s	p	F	0	1	20.0	20.0	20.0	Melendez2014	T	T	T	T	T	T
Ca 1	6499.65	649.9649999999999	-0.818	2.523	20349.35742	2.0	4.43	35730.36	2.0	5.0	1.16	0.75	AO	43700000.0	7.64	-6.072	364.239	-7.571	364.239	1.0	0.61	84.32	s	p	F	0	1	20.0	20.0	20.0	Melendez2014	T	T	T	T	T	T
Ce 2	3942.151	394.2151	-0.22	0.0	0.0	3.5	3.144	25358.07	2.5	6.0	0.79	0.76	99	100000.0	0.0	0.0	0.0	0.0	2.5	1.0	0.66	25.23	d	p	F	0	2	58.1	58.0	58.01	Melendez2014	T	T	T	F	T	T
Ce 2	3999.237	399.9237	0.06	0.295	2379.3343	4.5	3.395	27382.522	5.5	12.0	1.04	1.05	99	100000.0	0.0	0.0	0.0	0.0	2.5	1.0	0.65	25.2	X	X	F	0	2	58.1	58.0	58.01	Melendez2014	T	T	T	F	T	T
Ce 2	4042.581	404.2581	0.0	0.495	3992.4423	3.5	3.562	28729.468	4.5	10.0	0.88	1.0	99	100000.0	0.0	0.0	0.0	0.0	2.5	1.0	0.48	17.4	s	p	F	0	2	58.1	58.0	58.01	Melendez2014	T	T	T	F	T	T
Ce 2	4073.474	407.3474	0.21	0.477	3847.26258	3.5	3.521	28398.78	2.5	6.0	0.67	0.59	99	100000.0	0.0	0.0	0.0	0.0	2.5	1.0	0.63	24.57	s	p	F	0	2	58.1	58.0	58.01	Melendez2014	T	T	T	F	T	T
Ce 2	4364.653	436.4653	-0.17	0.495	3992.4423	3.5	3.335	26898.589	3.5	8.0	0.88	0.84	99	100000.0	0.0	0.0	0.0	0.0	2.5	1.0	0.37	13.78	s	p	F	0	2	58.1	58.0	58.01	Melendez2014	T	T	T	F	T	T
Ce 2	4523.075	452.3075	-0.08	0.516	4161.81864	4.5	3.257	26269.477	3.5	8.0	0.95	0.71	99	100000.0	0.0	0.0	0.0	0.0	2.5	1.0	0.4	15.96	s	p	F	0	2	58.1	58.0	58.01	Melendez2014	T	T	T	F	T	T
Ce 2	4562.359	456.2359	0.21	0.477	3847.26258	3.5	3.195	25769.413	4.5	10.0	0.67	0.8	99	100000.0	0.0	0.0	0.0	0.0	2.5	1.0	0.6	26.43	s	p	F	0	2	58.1	58.0	58.01	Melendez2014	T	T	T	F	T	T
Ce 2	5274.229	527.4229	0.13	1.044	8420.42376	6.5	3.395	27382.522	5.5	12.0	0.98	1.0	99	100000.0	0.0	0.0	0.0	0.0	2.5	1.0	0.23	10.03	d	p	F	0	2	58.1	58.0	58.01	Melendez2014	T	T	T	F	T	T
Co 1	5212.691	521.2691	-0.11	3.5144	28345.533776	4.5	5.892	47522.185	4.5	10.0	1.33	1.33	AO	100000000.0	8.0	-5.47	779.235	-7.241	779.235	1.0	0.38	23.65	d	f	F	0	1	27.0	27.0	27.0	Melendez2014	T	T	T	T	T	T
Co 1	5247.911	524.7911	-2.08	1.785	14396.988899999998	0.5	4.147	33447.811	0.5	2.0	2.65	0.01	AO	135000000.0	8.13	-6.15	306.26	-7.652	306.26	1.0	0.26	14.34	s	p	F	0	1	27.0	27.0	27.0	Melendez2014	T	T	T	T	T	T
Co 1	5301.039	530.1039	-1.99	1.71	13792.0734	2.5	4.049	32657.388	2.5	6.0	1.6	1.37	AO	132000000.0	8.12	-6.16	296.262	-7.667	296.262	1.0	0.33	18.79	s	p	F	0	1	27.0	27.0	27.0	Melendez2014	T	T	T	T	T	T
Co 1	5342.695	534.2695	0.54	4.021	32431.53634	5.5	6.341	51143.615	6.5	14.0	1.29	1.22	GA	245000000.0	8.39	-4.59	-7.51	-7.51	-7.51	1.0	0.54	39.5	p	d	F	0	1	27.0	27.0	27.0	Melendez2014	T	T	T	T	T	T
Co 1	5483.352	548.3352	-1.49	1.7104	13795.299615999998	2.5	3.971	32028.275	3.5	8.0	1.6	1.4	AO	79400000.0	7.9	-6.18	291.259	-7.673	291.259	1.0	0.58	40.55	s	p	F	0	1	27.0	27.0	27.0	Melendez2014	T	T	T	T	T	T
Co 1	5530.774	553.0774	-2.23	1.71	13792.0734	2.5	3.952	31875.03	3.5	8.0	1.6	1.78	AO	51300000.0	7.71	-6.2	264.242	-7.713	264.242	1.0	0.3	17.32	s	p	F	0	1	27.0	27.0	27.0	Melendez2014	T	T	T	T	T	T
Co 1	5647.23	564.723	-1.56	2.28	18389.4312	1.5	4.475	36093.309	2.5	6.0	1.3	1.19	AO	174000000.0	8.24	-6.07	336.262	-7.612	336.262	1.0	0.26	15.66	s	p	F	0	1	27.0	27.0	27.0	Melendez2014	T	T	T	T	T	T
Co 1	6189.0	618.9	-2.46	1.71	13792.0734	2.5	3.713	29947.365	2.5	6.0	1.6	1.36	AO	36300000.0	7.56	-6.21	254.246	-7.73	254.246	1.0	0.14	8.75	s	p	F	0	1	27.0	27.0	27.0	Melendez2014	T	T	T	T	T	T
Co 1	6454.995	645.4995	-0.25	3.632	29294.04128	3.5	5.552	44779.9	4.5	10.0	1.43	1.33	AO	102000000.0	8.01	-5.39	814.233	-7.222	814.233	1.0	0.23	16.81	p	s	F	0	1	27.0	27.0	27.0	Melendez2014	T	T	T	T	T	T
Cr 1	4936.335	493.6335	-0.25	3.1128	25106.412912	3.0	5.624	45360.619	4.0	9.0	0.97	0.82	AO	81300000.0	7.91	-5.97	342.245	-7.6	342.245	1.0	0.64	45.77	s	p	F	0	1	24.0	24.0	24.0	Melendez2014	T	T	T	T	T	T
Cr 1	5214.14	521.414	-0.74	3.3694	27176.030476	1.0	5.747	46352.681	2.0	5.0	1.47	1.36	AO	20000000.0	7.3	-6.12	254.26	-7.732	254.26	1.0	0.28	16.32	s	p	F	0	1	24.0	24.0	24.0	Melendez2014	T	T	T	T	T	T
Cr 1	5238.964	523.8964	-1.27	2.709	21849.54786	2.0	5.075	40932.636	1.0	3.0	1.85	2.46	AO	191000000.0	8.28	-5.41	368.255	-7.57	368.255	1.0	0.33	19.69	s	p	F	0	1	24.0	24.0	24.0	Melendez2014	T	T	T	T	T	T
Cr 1	5247.566	524.7565999999999	-1.59	0.96	7742.9184	0.0	3.323	26801.803	1.0	3.0	0.0	2.51	AO	66100000.0	7.82	-5.92	329.263	-7.621	329.263	1.0	0.77	82.6	s	p	F	0	1	24.0	24.0	24.0	Melendez2014	T	T	T	F	T	T
Cr 1	5272.007	527.2007	-0.42	3.449	27818.04746	3.0	5.8	46780.155	4.0	9.0	1.93	1.63	AO	295000000.0	8.47	-5.22	757.238	-7.254	757.238	1.0	0.38	25.5	d	f	F	0	1	24.0	24.0	24.0	Melendez2014	T	T	T	T	T	T
Cr 1	5296.691	529.6691	-1.36	0.983	7928.425819999999	2.0	3.323	26801.803	1.0	3.0	1.5	2.51	AO	66100000.0	7.82	-5.92	329.263	-7.621	329.263	1.0	0.79	93.57	s	p	F	0	1	24.0	24.0	24.0	Melendez2014	T	T	T	F	T	T
Cr 1	5300.744	530.0744	-2.13	0.982	7920.36028	2.0	3.321	26785.672	3.0	7.0	1.5	1.67	AO	64600000.0	7.81	-5.91	329.263	-7.621	329.263	1.0	0.71	62.25	X	X	F	0	1	24.0	24.0	24.0	Melendez2014	T	T	T	F	T	T
Cr 1	5345.801	534.5801	-0.95	1.0036	8094.575944	3.0	3.322	26793.737	2.0	5.0	1.5	1.83	AO	66100000.0	7.82	-5.92	329.262	-7.62	329.262	1.0	0.82	122.84	X	X	F	0	1	24.0	24.0	24.0	Melendez2014	T	T	T	T	T	T
Cr 1	5348.312	534.8312	-1.21	1.0036	8094.575944	3.0	3.321	26785.672	3.0	7.0	1.5	1.67	AO	64600000.0	7.81	-5.91	329.262	-7.62	329.262	1.0	0.79	101.37	s	p	F	0	1	24.0	24.0	24.0	Melendez2014	T	T	T	T	T	T
Cr 1	6661.08	666.108	-0.19	4.1926	33815.583004	4.0	6.054	48828.803	4.0	9.0	1.5	1.46	AO	74100000.0	7.87	-4.98	886.24	-7.186	886.24	1.0	0.17	13.76	d	f	F	0	1	24.0	24.0	24.0	Melendez2014	T	T	T	T	T	T
Cr 2	4588.199	458.8199	-0.594	4.071	32834.81334	3.5	6.773	54627.93	2.5	6.0	1.23	1.38	AO	234000000.0	8.37	-6.57	232.218	-7.764	232.218	1.0	0.77	74.33	d	p	F	0	2	24.1	24.0	24.01	Melendez2014	T	T	T	T	T	T
Cr 2	4592.049	459.2049	-1.252	4.073	32850.94442	2.5	6.773	54627.93	2.5	6.0	1.03	1.38	AO	100000.0	0.0	0.0	232.233	-7.767	232.233	1.0	0.66	48.65	d	p	F	0	2	24.1	24.0	24.01	Melendez2014	T	T	T	F	T	T
Cr 2	5237.328	523.7328	-1.087	4.073	32850.94442	4.5	6.44	51942.103	4.5	10.0	1.33	1.34	AO	234000000.0	8.37	-6.56	225.213	-7.776	225.213	1.0	0.56	43.96	d	p	F	0	2	24.1	24.0	24.01	Melendez2014	T	T	T	T	T	T
Cr 2	5246.767	524.6767	-2.436	3.714	29955.41556	0.5	6.076	49006.245	1.5	4.0	2.69	1.8	AO	209000000.0	8.32	-6.49	186.227	-7.862	186.227	1.0	0.25	15.05	s	p	F	0	2	24.1	24.0	24.01	Melendez2014	T	T	T	T	T	T
Cr 2	5308.41	530.841	-1.846	4.0712	32836.426448	3.5	6.406	51667.875	2.5	6.0	1.23	1.03	AO	234000000.0	8.37	-6.55	225.218	-7.777	225.218	1.0	0.28	17.36	d	p	F	0	2	24.1	24.0	24.01	Melendez2014	T	T	T	T	T	T
Cr 2	5502.067	550.2067	-2.049	4.168	33617.17072	4.5	6.421	51788.858	3.5	8.0	1.19	1.25	AO	234000000.0	8.37	-6.49	195.248	-7.845	195.248	1.0	0.22	13.4	s	p	F	0	2	24.1	24.0	24.01	Melendez2014	T	T	T	T	T	T
Cu 1	5105.541	510.5541	-1.516	1.39	11211.1006	2.5	3.817	30786.181	1.5	4.0	1.23	1.33	GA	158000000.0	8.2	-6.07	-7.79	-7.79	-7.79	1.0	0.78	73.6	s	p	F	0	1	29.0	29.0	29.0	Melendez2014	T	T	T	T	T	T
Cu 1	5218.197	521.8197	0.476	3.816	30778.10064	1.5	6.192	49941.848	2.5	6.0	1.33	1.19	GA	251000000.0	8.4	-4.89	-7.5	-7.5	-7.5	1.0	0.67	56.71	p	d	F	0	1	29.0	29.0	29.0	Melendez2014	T	T	T	T	T	T
Cu 1	5220.066	522.0065999999999	-0.448	3.816	30778.10064	1.5	6.191	49933.783	1.5	4.0	1.33	0.82	GA	257000000.0	8.41	-4.89	-7.5	-7.5	-7.5	1.0	0.29	16.41	p	d	F	0	1	29.0	29.0	29.0	Melendez2014	T	T	T	T	T	T
Cu 1	7933.13	793.313	-0.368	3.79	30568.3966	0.5	5.348	43134.529	0.5	2.0	0.68	2.0	GA	209000000.0	8.32	-5.38	-7.56	-7.56	-7.56	1.0	0.3	27.93	p	s	F	0	1	29.0	29.0	29.0	Melendez2014	T	T	T	T	T	T
Eu 2	3819.67	381.967	0.51	0.0	0.0	4.0	3.245	26172.69	5.0	11.0	1.98	1.79	99	100000.0	0.0	0.0	0.0	0.0	2.5	1.0	0.64	23.25	s	p	F	151	2	63.1	63.151	63.01	Melendez2014	T	T	T	F	T	T
Eu 2	3907.11	390.711	0.17	0.207	1669.56678	3.0	3.379	27253.473	2.0	5.0	1.98	2.31	99	100000.0	0.0	0.0	0.0	0.0	2.5	1.0	0.34	11.09	s	p	F	153	2	63.1	63.153	63.01	Melendez2014	T	T	T	F	T	T
Eu 2	4129.72	412.972	0.22	0.0	0.0	4.0	3.001	24204.698	4.0	9.0	1.98	1.88	99	100000.0	0.0	0.0	0.0	0.0	2.5	1.0	0.49	17.93	s	p	F	153	2	63.1	63.153	63.01	Melendez2014	T	T	T	F	T	T
Eu 2	6645.1	664.51	0.12	1.379	11122.37966	6.0	3.245	26172.69	5.0	11.0	1.66	1.79	99	100000.0	0.0	0.0	0.0	0.0	2.5	1.0	0.02	1.27	d	p	F	153	2	63.1	63.153	63.01	Melendez2014	T	T	T	F	T	T
Fe 1	5044.211	504.4211	-2.058	2.8512	22996.467648	4.0	5.309	42819.973	5.0	11.0	1.49	1.59	AO	148000000.0	8.17	-5.41	713.238	-7.28	713.238	1.0	0.76	78.58	p	s	F	0	1	26.0	26.0	26.0	Melendez2014	T	T	T	T	T	T
Fe 1	5054.642	505.4642	-1.921	3.64	29358.5656	2.0	6.092	49135.294	3.0	7.0	1.16	1.21	AO	33900000.0	7.53	-6.1	353.313	-7.599	353.313	1.0	0.62	43.19	s	p	F	0	1	26.0	26.0	26.0	Melendez2014	T	T	T	T	T	T
Fe 1	5127.359	512.7359	-3.307	0.915	7379.9691	4.0	3.332	26874.393	5.0	11.0	1.35	1.4	AO	18600000.0	7.27	-6.15	243.246	-7.749	243.246	1.0	0.84	102.0	s	p	F	0	1	26.0	26.0	26.0	Melendez2014	T	T	T	F	T	T
Fe 1	5127.679	512.7679	-6.125	0.052	419.40808	3.0	2.469	19913.828	2.0	5.0	1.5	2.01	GA	2880.0	3.46	-6.28	-7.82	-7.82	-7.82	1.0	0.31	16.56	X	X	F	0	1	26.0	26.0	26.0	Melendez2014	T	T	T	F	T	T
Fe 1	5198.711	519.8711000000001	-2.135	2.223	17929.69542	1.0	4.607	37157.961	2.0	5.0	2.5	1.84	AO	170000000.0	8.23	-6.07	351.271	-7.594	351.271	1.0	0.8	100.64	s	p	F	0	1	26.0	26.0	26.0	Melendez2014	T	T	T	T	T	T
Fe 1	5225.525	522.5525	-4.789	0.1101	888.0159540000001	1.0	2.482	20018.68	1.0	3.0	1.5	3.0	AO	1660.0	3.22	-6.28	207.253	-7.82	207.253	1.0	0.78	71.62	s	p	F	0	1	26.0	26.0	26.0	Melendez2014	T	T	T	F	T	T
Fe 1	5242.491	524.2491	-0.967	3.634	29310.17236	6.0	5.999	48385.198	5.0	11.0	1.01	1.02	AO	70800000.0	7.85	-6.12	361.248	-7.578	361.248	1.0	0.76	89.86	s	p	F	0	1	26.0	26.0	26.0	Melendez2014	T	T	T	T	T	T
Fe 1	5247.05	524.705	-4.946	0.0872	703.315088	2.0	2.45	19760.583	3.0	7.0	1.5	1.75	AO	4270.0	3.63	-6.28	206.253	-7.822	206.253	1.0	0.76	66.2	s	p	F	0	1	26.0	26.0	26.0	Melendez2014	T	T	T	F	T	T
Fe 1	5250.208	525.0208	-4.938	0.1212	977.543448	0.0	2.482	20018.68	1.0	3.0	0.0	3.0	AO	1660.0	3.22	-6.28	207.253	-7.82	207.253	1.0	0.76	65.1	s	p	F	0	1	26.0	26.0	26.0	Melendez2014	T	T	T	F	T	T
Fe 1	5295.312	529.5312	-1.49	4.415	35609.3591	3.0	6.756	54490.815	3.0	7.0	0.89	0.48	AO	209000000.0	8.32	-4.67	1014.281	-7.135	1014.281	1.0	0.34	22.75	p	d	F	0	1	26.0	26.0	26.0	Melendez2014	T	T	T	T	T	T
Fe 1	5322.041	532.2041	-2.8	2.279	18381.36566	2.0	4.608	37166.027	3.0	7.0	1.51	1.09	AO	120000000.0	8.08	-6.29	341.236	-7.6	341.236	1.0	0.72	64.97	s	p	F	0	1	26.0	26.0	26.0	Melendez2014	T	T	T	T	T	T
Fe 1	5373.709	537.3709	-0.77	4.473	36077.16042	3.0	6.78	54684.388	4.0	9.0	0.79	1.14	AO	138000000.0	8.14	-4.95	1044.282	-7.123	1044.282	1.0	0.64	62.54	d	f	F	0	1	26.0	26.0	26.0	Melendez2014	T	T	T	T	T	T
Fe 1	5379.574	537.9574	-1.514	3.694	29794.10476	4.0	5.999	48385.198	5.0	11.0	0.98	1.02	AO	70800000.0	7.85	-6.12	363.249	-7.575	363.249	1.0	0.67	60.62	s	p	F	0	1	26.0	26.0	26.0	Melendez2014	T	T	T	T	T	T
Fe 1	5386.334	538.6333999999999	-1.74	4.154	33504.25316	3.0	6.456	52071.152	2.0	5.0	1.49	1.81	AO	282000000.0	8.45	-4.47	930.278	-7.172	930.278	1.0	0.43	29.89	p	d	F	0	1	26.0	26.0	26.0	Melendez2014	T	T	T	T	T	T
Fe 1	5466.396	546.6396	-0.565	4.371	35254.475340000005	4.0	6.639	53547.147	3.0	7.0	1.1	1.35	AO	204000000.0	8.31	-4.58	865.278	-7.204	865.278	1.0	0.69	80.97	d	f	F	0	1	26.0	26.0	26.0	Melendez2014	T	T	T	T	T	T
Fe 1	5466.987	546.6987	-2.23	3.573	28818.17442	5.0	5.841	47110.843	4.0	9.0	1.0	0.88	GA	33100000.0	7.52	-5.82	-7.82	-7.82	-7.82	1.0	0.49	32.69	s	p	F	0	1	26.0	26.0	26.0	Melendez2014	T	T	T	T	T	T
Fe 1	5522.446	552.2446	-1.31	4.209	33947.85786	2.0	6.453	52046.955	2.0	5.0	1.49	1.57	AO	105000000.0	8.02	-5.57	744.215	-7.257	744.215	1.0	0.5	37.66	d	f	F	0	1	26.0	26.0	26.0	Melendez2014	T	T	T	T	T	T
Fe 1	5546.506	554.6506	-1.18	4.371	35254.475340000005	4.0	6.606	53280.984	5.0	11.0	1.1	1.22	AO	204000000.0	8.31	-5.06	825.278	-7.224	825.278	1.0	0.52	42.24	d	f	F	0	1	26.0	26.0	26.0	Melendez2014	T	T	T	T	T	T
Fe 1	5560.211	556.0211	-1.16	4.434	35762.60436	4.0	6.664	53748.785	3.0	7.0	1.1	1.26	AO	191000000.0	8.28	-4.24	895.278	-7.189	895.278	1.0	0.54	45.66	d	f	F	0	1	26.0	26.0	26.0	Melendez2014	T	T	T	T	T	T
Fe 1	5577.02	557.702	-1.455	5.0331	40594.669374	4.0	7.256	58523.587	4.0	9.0	1.33	1.18	GA	759000000.0	8.88	-5.29	-7.39	-7.39	-7.39	1.0	0.16	10.02	d	f	F	0	1	26.0	26.0	26.0	Melendez2014	T	T	T	T	T	T
Fe 1	5618.633	561.8633	-1.276	4.209	33947.85786	2.0	6.415	51740.465	2.0	5.0	1.49	1.13	AO	155000000.0	8.19	-5.57	732.214	-7.264	732.214	1.0	0.58	51.85	p	s	F	0	1	26.0	26.0	26.0	Melendez2014	T	T	T	T	T	T
Fe 1	5636.696	563.6696	-2.56	3.64	29358.5656	2.0	5.839	47094.711	3.0	7.0	1.16	1.16	AO	40700000.0	7.61	-6.05	368.31	-7.581	368.31	1.0	0.27	16.6	s	p	F	0	1	26.0	26.0	26.0	Melendez2014	T	T	T	T	T	T
Fe 1	5638.262	563.8262	-0.81	4.22	34036.5788	4.0	6.419	51772.727	3.0	7.0	1.34	1.49	AO	240000000.0	8.38	-5.34	730.235	-7.269	730.235	1.0	0.66	73.77	d	f	F	0	1	26.0	26.0	26.0	Melendez2014	T	T	T	T	T	T
Fe 1	5649.987	564.9987	-0.8	5.0995	41130.22123	1.0	7.293	58822.012	2.0	5.0	-0.01	0.34	AO	759000000.0	8.88	-5.29	719.265	-7.282	719.265	1.0	0.38	27.96	d	f	F	0	1	26.0	26.0	26.0	Melendez2014	T	T	T	T	T	T
Fe 1	5651.469	565.1469	-1.75	4.473	36077.16042	3.0	6.667	53772.982	4.0	9.0	0.79	1.23	AO	186000000.0	8.27	-5.41	898.278	-7.187	898.278	1.0	0.18	11.83	d	f	F	0	1	26.0	26.0	26.0	Melendez2014	T	T	T	T	T	T
Fe 1	5661.348	566.1348	-1.756	4.2843	34555.193022	0.0	6.474	52216.332	1.0	3.0	0.0	1.42	AO	100000000.0	8.0	-5.47	765.209	-7.244	765.209	1.0	0.37	26.22	d	f	F	0	1	26.0	26.0	26.0	Melendez2014	T	T	T	T	T	T
Fe 1	5679.023	567.9023	-0.75	4.652	37520.89208	2.0	6.835	55127.993	3.0	7.0	0.69	1.07	AO	162000000.0	8.21	-5.06	1106.291	-7.099	1106.291	1.0	0.55	50.61	d	f	F	0	1	26.0	26.0	26.0	Melendez2014	T	T	T	T	T	T
Fe 1	5696.089	569.6089	-1.72	4.548	36682.07592	4.0	6.725	54240.783	4.0	9.0	1.25	0.9	AO	214000000.0	8.33	-4.54	965.279	-7.156	965.279	1.0	0.26	17.69	p	d	F	0	1	26.0	26.0	26.0	Melendez2014	T	T	T	T	T	T
Fe 1	5701.544	570.1544	-2.216	2.559	20639.71686	4.0	4.733	38174.22	3.0	7.0	1.24	1.32	AO	162000000.0	8.21	-5.91	361.237	-7.576	361.237	1.0	0.72	82.22	s	p	F	0	1	26.0	26.0	26.0	Melendez2014	T	T	T	T	T	T
Fe 1	5705.464	570.5464	-1.355	4.301	34689.88754	1.0	6.474	52216.332	1.0	3.0	-0.02	1.42	AO	240000000.0	8.38	-5.47	744.231	-7.26	744.231	1.0	0.52	43.44	d	f	F	0	1	26.0	26.0	26.0	Melendez2014	T	T	T	T	T	T
Fe 1	5855.076	585.5076	-1.478	4.6075	37161.97555	3.0	6.725	54240.783	4.0	9.0	1.09	0.9	AO	214000000.0	8.33	-4.54	962.279	-7.158	962.279	1.0	0.33	24.72	p	d	F	0	1	26.0	26.0	26.0	Melendez2014	T	T	T	T	T	T
Fe 1	5905.672	590.5672	-0.69	4.652	37520.89208	2.0	6.751	54450.488	1.0	3.0	0.69	1.47	AO	214000000.0	8.33	-4.76	994.282	-7.144	994.282	1.0	0.58	61.69	d	f	F	0	1	26.0	26.0	26.0	Melendez2014	T	T	T	T	T	T
Fe 1	5916.247	591.6247000000001	-2.936	2.453	19784.76962	4.0	4.549	36690.16	4.0	9.0	0.81	1.25	AO	117000000.0	8.07	-6.09	341.238	-7.601	341.238	1.0	0.59	50.43	s	p	F	0	1	26.0	26.0	26.0	Melendez2014	T	T	T	T	T	T
Fe 1	5927.789	592.7789	-1.04	4.652	37520.89208	2.0	6.743	54385.963	1.0	3.0	0.69	0.76	AO	209000000.0	8.32	-6.06	984.281	-7.148	984.281	1.0	0.47	41.3	d	f	F	0	1	26.0	26.0	26.0	Melendez2014	T	T	T	T	T	T
Fe 1	5934.655	593.4655	-1.07	3.928	31681.44112	2.0	6.017	48530.378	3.0	7.0	1.17	1.11	AO	60300000.0	7.78	-5.29	959.247	-7.153	959.247	1.0	0.64	77.32	p	s	F	0	1	26.0	26.0	26.0	Melendez2014	T	T	T	T	T	T
Fe 1	5956.694	595.6694	-4.605	0.8589	6927.492306	5.0	2.94	23712.699	4.0	9.0	1.4	1.75	AO	10000.0	4.0	-6.17	227.252	-7.78	227.252	1.0	0.61	49.67	s	p	F	0	1	26.0	26.0	26.0	Melendez2014	T	T	T	F	T	T
Fe 1	5987.065	598.7065	-0.212	4.795	38674.2643	2.0	6.866	55378.025	1.0	3.0	1.15	1.46	GA	200000000.0	8.3	-4.86	-7.42	-7.42	-7.42	1.0	0.61	67.12	p	d	F	0	1	26.0	26.0	26.0	Melendez2014	T	T	T	T	T	T
Fe 1	6003.012	600.3012	-1.06	3.881	31302.36074	4.0	5.946	47957.725	4.0	9.0	1.25	1.29	AO	56200000.0	7.75	-5.38	898.241	-7.181	898.241	1.0	0.65	83.13	p	s	F	0	1	26.0	26.0	26.0	Melendez2014	T	T	T	T	T	T
Fe 1	6005.541	600.5541000000001	-3.43	2.588	20873.61752	3.0	4.652	37520.911	2.0	5.0	1.07	0.69	GA	117000000.0	8.07	-6.29	-7.75	-7.75	-7.75	1.0	0.28	18.08	s	p	F	0	1	26.0	26.0	26.0	Melendez2014	T	T	T	T	T	T
Fe 1	6024.058	602.4058	-0.02	4.548	36682.07592	4.0	6.606	53280.984	5.0	11.0	1.25	1.22	AO	209000000.0	8.32	-5.06	823.275	-7.225	823.275	1.0	0.68	109.93	d	f	F	0	1	26.0	26.0	26.0	Melendez2014	T	T	T	T	T	T
Fe 1	6027.05	602.705	-1.09	4.0758	32873.527932	4.0	6.132	49457.916	5.0	11.0	1.26	1.16	GA	102000000.0	8.01	-6.03	-7.78	-7.78	-7.78	1.0	0.62	63.74	d	p	F	0	1	26.0	26.0	26.0	Melendez2014	T	T	T	T	T	T
Fe 1	6056.005	605.6005	-0.45	4.733	38174.20082	3.0	6.78	54684.388	4.0	9.0	1.32	1.14	AO	209000000.0	8.32	-4.95	1029.286	-7.13	1029.286	1.0	0.61	74.97	d	f	F	0	1	26.0	26.0	26.0	Melendez2014	T	T	T	T	T	T
Fe 1	6065.482	606.5482	-1.53	2.6085	21038.96109	2.0	4.652	37520.911	2.0	5.0	0.66	0.69	AO	117000000.0	8.07	-6.29	354.234	-7.584	354.234	1.0	0.75	127.29	s	p	F	0	1	26.0	26.0	26.0	Melendez2014	T	T	T	T	T	T
Fe 1	6079.009	607.9009	-1.1	4.652	37520.89208	2.0	6.691	53966.555	2.0	5.0	0.69	1.42	AO	214000000.0	8.33	-4.5	920.276	-7.177	920.276	1.0	0.45	39.83	d	f	F	0	1	26.0	26.0	26.0	Melendez2014	T	T	T	T	T	T
Fe 1	6082.711	608.2711	-3.573	2.223	17929.69542	1.0	4.26	34359.217	1.0	3.0	2.5	1.5	AO	4900000.0	6.69	-6.13	306.271	-7.654	306.271	1.0	0.46	34.01	s	p	F	0	1	26.0	26.0	26.0	Melendez2014	T	T	T	T	T	T
Fe 1	6093.644	609.3644	-1.3	4.607	37157.942780000005	3.0	6.642	53571.343	2.0	5.0	1.09	1.4	AO	214000000.0	8.33	-4.57	866.274	-7.203	866.274	1.0	0.31	24.07	d	f	F	0	1	26.0	26.0	26.0	Melendez2014	T	T	T	T	T	T
Fe 1	6096.665	609.6665	-1.81	3.9841	32133.917914	2.0	6.017	48530.378	3.0	7.0	0.68	1.11	AO	56200000.0	7.75	-5.29	963.25	-7.152	963.25	1.0	0.39	31.67	p	s	F	0	1	26.0	26.0	26.0	Melendez2014	T	T	T	T	T	T
Fe 1	6151.618	615.1618000000001	-3.299	2.1759	17549.808485999998	3.0	4.191	33802.695	2.0	5.0	1.67	1.5	AO	195000000.0	8.29	-6.16	277.263	-7.696	277.263	1.0	0.57	49.49	s	p	F	0	1	26.0	26.0	26.0	Melendez2014	T	T	T	T	T	T
Fe 1	6157.728	615.7728	-1.22	4.076	32875.141039999995	4.0	6.089	49111.097	4.0	9.0	1.26	1.18	GA	77600000.0	7.89	-6.03	-7.79	-7.79	-7.79	1.0	0.58	56.2	d	p	F	0	1	26.0	26.0	26.0	Melendez2014	T	T	T	T	T	T
Fe 1	6165.36	616.536	-1.46	4.1426	33412.306004	3.0	6.153	49627.292	4.0	9.0	1.07	0.91	GA	100000000.0	8.0	-6.02	-7.78	-7.78	-7.78	1.0	0.51	43.49	d	p	F	0	1	26.0	26.0	26.0	Melendez2014	T	T	T	T	T	T
Fe 1	6173.335	617.3335	-2.88	2.223	17929.69542	1.0	4.231	34125.317	0.0	1.0	2.5	0.0	AO	204000000.0	8.31	-6.16	281.266	-7.69	281.266	1.0	0.65	67.25	s	p	F	0	1	26.0	26.0	26.0	Melendez2014	T	T	T	T	T	T
Fe 1	6187.99	618.799	-1.67	3.943	31802.42422	3.0	5.946	47957.725	4.0	9.0	1.09	1.29	AO	56200000.0	7.75	-5.38	903.244	-7.179	903.244	1.0	0.49	44.5	p	s	F	0	1	26.0	26.0	26.0	Melendez2014	T	T	T	T	T	T
Fe 1	6200.313	620.0313	-2.437	2.6085	21038.96109	2.0	4.608	37166.027	3.0	7.0	0.66	1.09	AO	120000000.0	8.08	-6.29	350.235	-7.589	350.235	1.0	0.65	71.09	s	p	F	0	1	26.0	26.0	26.0	Melendez2014	T	T	T	T	T	T
Fe 1	6213.43	621.3430000000001	-2.52	2.2227	17927.275758	1.0	4.218	34020.465	1.0	3.0	2.5	1.49	AO	204000000.0	8.31	-6.16	280.265	-7.691	280.265	1.0	0.69	86.87	s	p	F	0	1	26.0	26.0	26.0	Melendez2014	T	T	T	T	T	T
Fe 1	6219.281	621.9281	-2.433	2.198	17728.05692	2.0	4.191	33802.695	2.0	5.0	1.82	1.5	AO	195000000.0	8.29	-6.16	278.264	-7.694	278.264	1.0	0.7	90.77	s	p	F	0	1	26.0	26.0	26.0	Melendez2014	T	T	T	T	T	T
Fe 1	6226.736	622.6736	-2.1	3.883	31318.49182	3.0	5.874	47377.005	4.0	9.0	1.32	1.33	AO	67600000.0	7.83	-5.27	845.244	-7.208	845.244	1.0	0.31	23.3	p	s	F	0	1	26.0	26.0	26.0	Melendez2014	T	T	T	T	T	T
Fe 1	6240.646	624.0645999999999	-3.233	2.2227	17927.275758	1.0	4.209	33947.875	2.0	5.0	2.5	1.49	AO	6460000.0	6.81	-6.13	301.272	-7.661	301.272	1.0	0.57	50.86	s	p	F	0	1	26.0	26.0	26.0	Melendez2014	T	T	T	T	T	T
Fe 1	6252.555	625.2555	-1.687	2.404	19389.55816	6.0	4.387	35383.542	5.0	11.0	1.16	1.25	AO	105000000.0	8.02	-6.07	326.245	-7.621	326.245	1.0	0.75	131.11	s	p	F	0	1	26.0	26.0	26.0	Melendez2014	T	T	T	T	T	T
Fe 1	6265.134	626.5134	-2.55	2.1759	17549.808485999998	3.0	4.154	33504.27	3.0	7.0	1.67	1.49	AO	200000000.0	8.3	-6.16	274.261	-7.7	274.261	1.0	0.69	85.95	s	p	F	0	1	26.0	26.0	26.0	Melendez2014	T	T	T	T	T	T
Fe 1	6270.225	627.0225	-2.54	2.858	23051.31332	0.0	4.835	38996.905	1.0	3.0	0.0	0.49	AO	158000000.0	8.2	-5.88	350.249	-7.591	350.249	1.0	0.59	57.88	s	p	F	0	1	26.0	26.0	26.0	Melendez2014	T	T	T	T	T	T
Fe 1	6271.279	627.1279000000001	-2.703	3.332	26874.37928	5.0	5.309	42819.973	5.0	11.0	1.4	1.59	AO	166000000.0	8.22	-5.41	720.247	-7.278	720.247	1.0	0.33	25.39	p	s	F	0	1	26.0	26.0	26.0	Melendez2014	T	T	T	T	T	T
Fe 1	6380.743	638.0743	-1.376	4.186	33762.35044	2.0	6.129	49433.719	2.0	5.0	0.68	0.68	GA	75900000.0	7.88	-6.03	-7.79	-7.79	-7.79	1.0	0.52	46.5	d	p	F	0	1	26.0	26.0	26.0	Melendez2014	T	T	T	T	T	T
Fe 1	6392.539	639.2538999999999	-4.03	2.279	18381.36566	2.0	4.218	34020.465	1.0	3.0	1.51	1.49	AO	204000000.0	8.31	-6.16	310.243	-7.643	310.243	1.0	0.22	15.09	s	p	F	0	1	26.0	26.0	26.0	Melendez2014	T	T	T	T	T	T
Fe 1	6430.846	643.0845999999999	-2.006	2.1759	17549.808485999998	3.0	4.103	33092.927	4.0	9.0	1.67	1.5	AO	195000000.0	8.29	-6.16	271.257	-7.704	271.257	1.0	0.73	120.74	s	p	F	0	1	26.0	26.0	26.0	Melendez2014	T	T	T	T	T	T
Fe 1	6498.939	649.8939	-4.699	0.9581	7727.593873999999	3.0	2.865	23107.784	3.0	7.0	1.25	1.51	AO	22900.0	4.36	-6.21	226.253	-7.782	226.253	1.0	0.51	42.13	s	p	F	0	1	26.0	26.0	26.0	Melendez2014	T	T	T	F	T	T
Fe 1	6593.871	659.3871	-2.422	2.4326	19620.232604	5.0	4.313	34786.691	5.0	11.0	1.04	1.22	AO	102000000.0	8.01	-6.08	321.247	-7.629	321.247	1.0	0.65	82.3	s	p	F	0	1	26.0	26.0	26.0	Melendez2014	T	T	T	T	T	T
Fe 1	6597.561	659.7561	-0.98	4.795	38674.2643	2.0	6.674	53829.441	3.0	7.0	1.15	1.11	AO	251000000.0	8.4	-4.69	893.276	-7.19	893.276	1.0	0.39	36.4	d	f	F	0	1	26.0	26.0	26.0	Melendez2014	T	T	T	T	T	T
Fe 1	6625.022	662.5022	-5.336	1.011	8154.260939999999	1.0	2.882	23244.898	1.0	3.0	-0.01	1.55	GA	11500.0	4.06	-6.21	-7.83	-7.83	-7.83	1.0	0.2	13.95	s	p	F	0	1	26.0	26.0	26.0	Melendez2014	T	T	T	T	T	T
Fe 1	6677.987	667.7987	-1.418	2.692	21712.43368	5.0	4.549	36690.16	4.0	9.0	1.2	1.25	AO	117000000.0	8.07	-6.09	313.268	-7.643	313.268	1.0	0.72	133.82	s	p	F	0	1	26.0	26.0	26.0	Melendez2014	T	T	T	T	T	T
Fe 1	6703.567	670.3567	-3.023	2.7585	22248.792090000003	3.0	4.608	37166.027	3.0	7.0	0.76	1.09	AO	120000000.0	8.08	-6.28	320.264	-7.633	320.264	1.0	0.38	30.24	s	p	F	0	1	26.0	26.0	26.0	Melendez2014	T	T	T	T	T	T
Fe 1	6705.102	670.5101999999999	-0.98	4.607	37157.942780000005	2.0	6.456	52071.152	2.0	5.0	1.84	1.81	GA	251000000.0	8.4	-4.47	-7.48	-7.48	-7.48	1.0	0.34	29.26	p	d	F	0	1	26.0	26.0	26.0	Melendez2014	T	T	T	T	T	T
Fe 1	6710.319	671.0319000000001	-4.88	1.485	11977.3269	4.0	3.332	26874.393	5.0	11.0	1.25	1.4	AO	18600000.0	7.27	-6.15	252.246	-7.733	252.246	1.0	0.2	13.93	s	p	F	0	1	26.0	26.0	26.0	Melendez2014	T	T	T	T	T	T
Fe 1	6713.745	671.3745	-1.4	4.795	38674.2643	2.0	6.642	53571.343	2.0	5.0	1.15	1.4	AO	257000000.0	8.41	-4.57	857.272	-7.207	857.272	1.0	0.19	15.25	d	f	F	0	1	26.0	26.0	26.0	Melendez2014	T	T	T	T	T	T
Fe 1	6725.357	672.5357	-2.19	4.103	33092.910619999995	4.0	5.946	47957.725	4.0	9.0	1.5	1.29	AO	251000000.0	8.4	-5.38	897.241	-7.181	897.241	1.0	0.18	14.29	p	s	F	0	1	26.0	26.0	26.0	Melendez2014	T	T	T	T	T	T
Fe 1	6726.667	672.6667	-1.03	4.607	37157.942780000005	2.0	6.45	52022.759	1.0	3.0	1.84	2.43	GA	229000000.0	8.36	-4.69	-7.52	-7.52	-7.52	1.0	0.44	41.17	p	d	F	0	1	26.0	26.0	26.0	Melendez2014	T	T	T	T	T	T
Fe 1	6733.151	673.3151	-1.47	4.638	37407.97452	1.0	6.479	52256.66	0.0	1.0	2.5	0.0	AO	257000000.0	8.41	-5.36	781.273	-7.247	781.273	1.0	0.25	20.77	d	f	F	0	1	26.0	26.0	26.0	Melendez2014	T	T	T	T	T	T
Fe 1	6739.522	673.9522	-4.79	1.557	12558.04578	3.0	3.397	27398.653	3.0	7.0	1.09	1.25	AO	17400000.0	7.24	-6.15	256.244	-7.726	256.244	1.0	0.2	14.35	s	p	F	0	1	26.0	26.0	26.0	Melendez2014	T	T	T	T	T	T
Fe 1	6750.152	675.0152	-2.621	2.4241	19551.675514	1.0	4.26	34359.217	1.0	3.0	1.5	1.5	AO	4900000.0	6.69	-6.13	335.241	-7.609	335.241	1.0	0.61	73.53	s	p	F	0	1	26.0	26.0	26.0	Melendez2014	T	T	T	T	T	T
Fe 1	6752.707	675.2707	-1.204	4.638	37407.97452	1.0	6.474	52216.332	1.0	3.0	2.5	1.42	AO	263000000.0	8.42	-5.47	778.274	-7.249	778.274	1.0	0.4	37.25	d	f	F	0	1	26.0	26.0	26.0	Melendez2014	T	T	T	T	T	T
Fe 1	6793.259	679.3259	-2.326	4.076	32875.141039999995	4.0	5.9	47586.71	4.0	9.0	1.26	1.15	GA	36300000.0	7.56	-5.99	-7.82	-7.82	-7.82	1.0	0.19	14.02	d	p	F	0	1	26.0	26.0	26.0	Melendez2014	T	T	T	T	T	T
Fe 1	6806.845	680.6845000000001	-3.11	2.727	21994.72758	4.0	4.549	36690.16	4.0	9.0	1.05	1.25	AO	117000000.0	8.07	-6.09	313.268	-7.643	313.268	1.0	0.37	29.62	s	p	F	0	1	26.0	26.0	26.0	Melendez2014	T	T	T	T	T	T
Fe 1	6810.263	681.0263	-0.986	4.607	37157.942780000005	2.0	6.427	51837.251	3.0	7.0	1.84	1.66	AO	263000000.0	8.42	-5.23	873.275	-7.199	873.275	1.0	0.47	51.25	p	d	F	0	1	26.0	26.0	26.0	Melendez2014	T	T	T	T	T	T
Fe 1	6837.006	683.7006	-1.687	4.593	37045.02522	4.0	6.406	51667.875	4.0	9.0	1.25	1.07	AO	70800000.0	7.85	-6.12	273.258	-7.701	273.258	1.0	0.24	18.2	d	p	F	0	1	26.0	26.0	26.0	Melendez2014	T	T	T	T	T	T
Fe 1	6839.83	683.983	-3.35	2.559	20639.71686	4.0	4.371	35254.493	4.0	9.0	1.24	1.1	AO	112000000.0	8.05	-6.06	330.248	-7.617	330.248	1.0	0.34	26.62	s	p	F	0	1	26.0	26.0	26.0	Melendez2014	T	T	T	T	T	T
Fe 1	6843.656	684.3656	-0.86	4.548	36682.07592	4.0	6.36	51296.86	3.0	7.0	1.25	1.35	AO	269000000.0	8.43	-5.29	736.216	-7.262	736.216	1.0	0.5	56.73	p	s	F	0	1	26.0	26.0	26.0	Melendez2014	T	T	T	T	T	T
Fe 1	6858.15	685.8149999999999	-0.93	4.607	37157.942780000005	3.0	6.415	51740.465	2.0	5.0	1.09	1.13	AO	269000000.0	8.43	-5.57	765.211	-7.245	765.211	1.0	0.49	53.78	p	s	F	0	1	26.0	26.0	26.0	Melendez2014	T	T	T	T	T	T
Fe 2	5197.577	519.7577	-2.22	3.2306	26056.533524	2.5	5.615	45288.03	1.5	4.0	0.57	0.45	AO	288000000.0	8.46	-6.53	180.247	-7.88	180.247	1.0	0.77	91.65	s	p	F	0	2	26.1	26.0	26.01	Melendez2014	T	T	T	T	T	T
Fe 2	5234.625	523.4625	-2.18	3.2215	25983.13711	3.5	5.589	45078.325	2.5	6.0	0.98	1.07	AO	288000000.0	8.46	-6.53	180.249	-7.88	180.249	1.0	0.75	85.48	s	p	F	0	2	26.1	26.0	26.01	Melendez2014	T	T	T	T	T	T
Fe 2	5264.812	526.4812	-3.13	3.2304	26054.920416	2.5	5.585	45046.063	1.5	4.0	0.57	1.15	AO	363000000.0	8.56	-6.53	186.3	-7.875	186.3	1.0	0.59	45.87	s	p	F	0	2	26.1	26.0	26.01	Melendez2014	T	T	T	T	T	T
Fe 2	5325.553	532.5553	-3.16	3.2215	25983.13711	3.5	5.549	44755.704	3.5	8.0	0.98	1.29	AO	295000000.0	8.47	-6.53	179.252	-7.883	179.252	1.0	0.59	46.26	s	p	F	0	2	26.1	26.0	26.01	Melendez2014	T	T	T	T	T	T
Fe 2	5414.073	541.4073000000001	-3.58	3.2215	25983.13711	3.5	5.511	44449.213	3.5	8.0	0.98	1.4	AO	363000000.0	8.56	-6.53	185.303	-7.878	185.303	1.0	0.43	29.2	s	p	F	0	2	26.1	26.0	26.01	Melendez2014	T	T	T	T	T	T
Fe 2	5425.257	542.5256999999999	-3.22	3.1996	25806.501784	4.5	5.484	44231.443	4.5	10.0	1.15	1.32	AO	288000000.0	8.46	-6.53	178.255	-7.886	178.255	1.0	0.57	45.59	s	p	F	0	2	26.1	26.0	26.01	Melendez2014	T	T	T	T	T	T
Fe 2	6084.111	608.4111	-3.79	3.1996	25806.501784	4.5	5.237	42239.254	3.5	8.0	1.15	1.4	AO	347000000.0	8.54	-6.53	173.223	-7.892	173.223	1.0	0.31	21.68	s	p	F	0	2	26.1	26.0	26.01	Melendez2014	T	T	T	T	T	T
Fe 2	6247.557	624.7556999999999	-2.3	3.8918	31389.468572	2.5	5.876	47393.137	1.5	4.0	1.33	1.72	AO	316000000.0	8.5	-6.53	186.272	-7.87	186.272	1.0	0.54	54.81	s	p	F	0	2	26.1	26.0	26.01	Melendez2014	T	T	T	T	T	T
Fe 2	6369.462	636.9462000000001	-4.11	2.8912	23319.089248	2.5	4.837	39013.036	1.5	4.0	2.0	1.86	AO	295000000.0	8.47	-6.53	169.204	-7.899	169.204	1.0	0.26	19.0	s	p	F	0	2	26.1	26.0	26.01	Melendez2014	T	T	T	T	T	T
Fe 2	6416.919	641.6919	-2.64	3.8918	31389.468572	2.5	5.823	46965.663	2.5	6.0	1.33	1.59	AO	316000000.0	8.5	-6.53	185.276	-7.873	185.276	1.0	0.45	40.29	s	p	F	0	2	26.1	26.0	26.01	Melendez2014	T	T	T	T	T	T
Fe 2	6432.68	643.268	-3.57	2.8912	23319.089248	2.5	4.818	38859.791	2.5	6.0	2.0	1.65	AO	295000000.0	8.47	-6.53	169.204	-7.899	169.204	1.0	0.49	44.37	s	p	F	0	2	26.1	26.0	26.01	Melendez2014	T	T	T	T	T	T
Fe 2	6456.383	645.6383	-2.05	3.9036	31484.641944	3.5	5.823	46965.663	2.5	6.0	1.41	1.59	AO	316000000.0	8.5	-6.53	185.276	-7.873	185.276	1.0	0.57	64.31	s	p	F	0	2	26.1	26.0	26.01	Melendez2014	T	T	T	T	T	T
K 1	7698.974	769.8974000000001	-0.168	0.0	0.0	0.5	1.61	12985.526	0.5	2.0	2.0	0.67	AO	39800000.0	7.6	-5.64	485.232	-7.445	485.232	1.0	0.61	139.01	s	p	F	0	1	19.0	19.0	19.0	Melendez2014	F	T	T	F	T	T
La 2	4662.5	466.25	-1.24	0.0	0.0	2.0	2.658	21438.216	1.0	3.0	0.72	0.54	99	100000.0	0.0	0.0	0.0	0.0	2.5	1.0	0.19	7.25	d	f	F	0	2	57.1	57.0	57.01	Melendez2014	T	T	T	F	T	T
La 2	4748.73	474.87299999999993	-0.54	0.9265	7472.72281	4.0	3.537	28527.829	5.0	11.0	1.0	1.0	99	100000.0	0.0	0.0	0.0	0.0	2.5	1.0	0.13	4.83	d	f	F	0	2	57.1	57.0	57.01	Melendez2014	T	T	T	F	T	T
La 2	5303.53	530.353	-1.35	0.3213	2591.458002	2.0	2.658	21438.216	1.0	3.0	1.13	0.54	99	100000.0	0.0	0.0	0.0	0.0	2.5	1.0	0.08	3.23	d	f	F	0	2	57.1	57.0	57.01	Melendez2014	T	T	T	F	T	T
Mg 1	4571.095	457.1095	-5.623	0.0	0.0	0.0	2.712	21873.755	1.0	3.0	99.0	99.0	GA	100000.0	2.34	0.0	-6.97	-6.97	-6.97	1.0	0.3	936.1	s	p	F	0	1	12.0	12.0	12.0	Melendez2014	T	T	T	F	T	T
Mg 1	4730.04	473.004	-2.389	4.34	35004.4436	1.0	6.966	56184.58	0.0	1.0	99.0	99.0	99	513000000.0	8.71	0.0	0.0	0.0	2.5	1.0	0.61	57.62	p	s	F	0	1	12.0	12.0	12.0	Melendez2014	T	T	T	F	T	T
Mg 1	5711.088	571.1088	-1.729	4.345	35044.7713	1.0	6.516	52555.085	0.0	1.0	99.0	99.0	99	513000000.0	8.71	0.0	0.0	0.0	2.5	1.0	0.66	100.85	p	s	F	0	1	12.0	12.0	12.0	Melendez2014	T	T	T	F	T	T
Mg 1	6319.236	631.9236	-2.165	5.108	41198.77832	1.0	7.069	57015.331	1.0	3.0	99.0	99.0	99	100000.0	0.0	0.0	0.0	0.0	2.5	1.0	0.21	22.2	s	p	F	0	1	12.0	12.0	12.0	Melendez2014	T	T	T	F	T	T
Mn 1	5004.891	500.4891	-1.63	2.9197	23548.957138	2.5	5.396	43521.675	3.5	8.0	1.37	1.4	AO	57500000.0	7.76	-6.13	301.251	-7.657	301.251	1.0	0.25	13.46	s	p	F	0	1	25.0	25.0	25.0	Melendez2014	T	T	T	T	T	T
Mn 1	5399.47	539.947	-0.104	3.85	31052.329	1.5	6.149	49595.03	1.5	4.0	1.73	2.0	GA	79400000.0	7.9	-5.39	-7.59	-7.59	-7.59	1.0	0.42	27.25	p	s	F	0	1	25.0	25.0	25.0	Melendez2014	T	T	T	T	T	T
Mo 1	3158.16	315.816	-0.31	0.0	0.0	3.0	3.925	31657.26	3.0	7.0	1.99	1.74	99	100000.0	0.0	0.0	0.0	0.0	2.5	1.0	0.48	14.36	s	p	F	0	1	42.0	42.0	42.0	Melendez2014	T	T	T	F	T	T
Mo 1	3193.97	319.397	0.07	0.0	0.0	3.0	3.881	31302.376	2.0	5.0	1.99	2.27	99	100000.0	0.0	0.0	0.0	0.0	2.5	1.0	0.75	25.72	s	p	F	0	1	42.0	42.0	42.0	Melendez2014	T	T	T	F	T	T
Na 1	4751.822	475.1822	-2.078	2.1044	16973.122376	1.5	4.713	38012.909	0.5	2.0	99.0	99.0	99	100000.0	0.0	0.0	0.0	0.0	2.0	1.0	0.14	10.6	p	s	F	0	1	11.0	11.0	11.0	Melendez2014	T	T	T	F	T	T
Na 1	5148.838	514.8838	-2.044	2.1023	16956.184742	0.5	4.51	36375.603	0.5	2.0	99.0	99.0	99	100000.0	0.0	0.0	0.0	0.0	2.0	1.0	0.15	11.68	p	s	F	0	1	11.0	11.0	11.0	Melendez2014	T	T	T	F	T	T
Na 1	6154.225	615.4225	-1.547	2.1023	16956.184742	0.5	4.116	33197.779	0.5	2.0	99.0	99.0	99	70800000.0	7.85	-4.39	0.0	0.0	2.0	1.0	0.31	31.14	p	s	F	0	1	11.0	11.0	11.0	Melendez2014	T	T	T	F	T	T
Na 1	6160.747	616.0747	-1.246	2.1044	16973.122376	1.5	4.116	33197.779	0.5	2.0	99.0	99.0	99	70800000.0	7.85	-4.39	0.0	0.0	2.0	1.0	0.43	48.36	p	s	F	0	1	11.0	11.0	11.0	Melendez2014	T	T	T	F	T	T
Nd 2	4021.33	402.133	-0.1	0.32	2580.9728	6.5	3.403	27447.046	7.5	16.0	1.15	1.11	99	100000.0	0.0	-5.344	0.0	0.0	2.5	1.0	0.47	16.6	s	p	F	0	2	60.1	60.0	60.01	Melendez2014	T	T	T	F	T	T
Nd 2	4059.95	405.995	-0.52	0.204	1645.37016	4.5	3.258	26277.542	5.5	12.0	0.75	1.02	99	100000.0	0.0	0.0	0.0	0.0	2.5	1.0	0.29	9.6	s	p	F	0	2	60.1	60.0	60.01	Melendez2014	T	T	T	F	T	T
Nd 2	4446.38	444.638	-0.35	0.204	1645.37016	4.5	2.992	24132.108	5.5	12.0	0.75	1.02	99	100000.0	0.0	0.0	0.0	0.0	2.5	1.0	0.37	14.2	s	p	F	0	2	60.1	60.0	60.01	Melendez2014	T	T	T	F	T	T
Nd 2	5234.19	523.419	-0.51	0.55	4436.0470000000005	5.5	2.918	23535.257	4.5	10.0	0.62	0.94	99	100000.0	0.0	0.0	0.0	0.0	2.5	1.0	0.14	6.03	d	p	F	0	2	60.1	60.0	60.01	Melendez2014	T	T	T	F	T	T
Nd 2	5293.16	529.316	0.1	0.822	6629.873879999999	7.5	3.165	25527.447	6.5	14.0	1.0	1.03	99	100000.0	0.0	-5.744	0.0	0.0	2.5	1.0	0.27	11.98	d	p	F	0	2	60.1	60.0	60.01	Melendez2014	T	T	T	F	T	T
Nd 2	5319.81	531.981	-0.14	0.55	4436.0470000000005	5.5	2.88	23228.767	4.5	10.0	0.62	0.78	99	100000.0	0.0	-5.819	0.0	0.0	2.5	1.0	0.28	12.69	d	p	F	0	2	60.1	60.0	60.01	Melendez2014	T	T	T	F	T	T
Ni 1	4953.208	495.3208	-0.66	3.7397	30162.699938	2.0	6.242	50345.126	2.0	5.0	0.99	0.95	AO	135000000.0	8.13	-5.44	766.234	-7.248	766.234	1.0	0.7	60.83	p	s	F	0	1	28.0	28.0	28.0	Melendez2014	T	T	T	T	T	T
Ni 1	5010.938	501.0938	-0.87	3.635	29318.2379	3.0	6.109	49272.408	3.0	7.0	1.09	1.32	AO	182000000.0	8.26	-4.37	824.278	-7.225	824.278	1.0	0.65	51.64	p	d	F	0	1	28.0	28.0	28.0	Melendez2014	T	T	T	T	T	T
Ni 1	5176.56	517.6560000000001	-0.44	3.8982	31441.088028	2.0	6.293	50756.468	2.0	5.0	1.06	1.19	AO	158000000.0	8.2	-4.5	819.277	-7.227	819.277	1.0	0.67	61.73	p	d	F	0	1	28.0	28.0	28.0	Melendez2014	T	T	T	T	T	T
Ni 1	5589.358	558.9358	-1.14	3.898	31439.47492	2.0	6.116	49328.867	2.0	5.0	1.06	1.0	AO	155000000.0	8.19	-4.54	831.277	-7.221	831.277	1.0	0.39	27.84	p	d	F	0	1	28.0	28.0	28.0	Melendez2014	T	T	T	T	T	T
Ni 1	5643.078	564.3078	-1.25	4.164	33584.90856	4.0	6.361	51304.925	3.0	7.0	1.05	1.08	AO	105000000.0	8.02	-5.41	815.239	-7.222	815.239	1.0	0.23	15.18	d	f	F	0	1	28.0	28.0	28.0	Melendez2014	T	T	T	T	T	T
Ni 1	5805.217	580.5217	-0.64	4.1672	33610.718288000004	2.0	6.302	50829.058	3.0	7.0	0.97	1.1	AO	240000000.0	8.38	-4.58	841.28	-7.216	841.28	1.0	0.48	39.71	p	d	F	0	1	28.0	28.0	28.0	Melendez2014	T	T	T	T	T	T
Ni 1	6086.282	608.6282	-0.51	4.266	34407.59364	1.0	6.303	50837.124	2.0	5.0	0.51	0.75	AO	275000000.0	8.44	-4.04	838.279	-7.218	838.279	1.0	0.47	41.11	p	d	F	0	1	28.0	28.0	28.0	Melendez2014	T	T	T	T	T	T
Ni 1	6108.116	610.8116	-2.44	1.676	13517.84504	2.0	3.706	29890.906	2.0	5.0	1.14	1.04	AO	64600000.0	7.81	-6.12	274.288	-7.705	274.288	1.0	0.64	61.14	s	p	F	0	1	28.0	28.0	28.0	Melendez2014	T	T	T	T	T	T
Ni 1	6130.135	613.0135	-0.96	4.266	34407.59364	1.0	6.288	50716.141	1.0	3.0	0.51	0.45	AO	282000000.0	8.45	-6.0	825.281	-7.225	825.281	1.0	0.29	21.81	p	d	F	0	1	28.0	28.0	28.0	Melendez2014	T	T	T	T	T	T
Ni 1	6176.811	617.6811	-0.26	4.088	32971.92752	4.0	6.095	49159.491	5.0	11.0	1.22	1.2	AO	162000000.0	8.21	-4.84	826.284	-7.225	826.284	1.0	0.59	65.68	p	d	F	0	1	28.0	28.0	28.0	Melendez2014	T	T	T	T	T	T
Ni 1	6177.242	617.7242	-3.51	1.826	14727.67604	0.0	3.833	30915.23	1.0	3.0	0.0	0.55	GA	52500000.0	7.72	-6.12	-7.76	-7.76	-7.76	1.0	0.26	17.11	d	p	F	0	1	28.0	28.0	28.0	Melendez2014	T	T	T	T	T	T
Ni 1	6204.604	620.4604	-1.14	4.088	32971.92752	4.0	6.086	49086.901	4.0	9.0	1.22	1.33	AO	191000000.0	8.28	-5.46	719.247	-7.278	719.247	1.0	0.31	23.7	p	s	F	0	1	28.0	28.0	28.0	Melendez2014	T	T	T	T	T	T
Ni 1	6223.984	622.3984	-0.98	4.105	33109.0417	3.0	6.097	49175.622	4.0	9.0	1.19	1.05	AO	224000000.0	8.35	-4.87	827.283	-7.224	827.283	1.0	0.38	30.42	p	d	F	0	1	28.0	28.0	28.0	Melendez2014	T	T	T	T	T	T
Ni 1	6378.25	637.825	-0.9	4.1535	33500.22039	3.0	6.097	49175.622	4.0	9.0	1.2	1.05	AO	245000000.0	8.39	-4.87	825.283	-7.225	825.283	1.0	0.39	32.7	p	d	F	0	1	28.0	28.0	28.0	Melendez2014	T	T	T	T	T	T
Ni 1	6643.63	664.363	-2.1	1.676	13517.84504	2.0	3.542	28568.157	2.0	5.0	1.14	1.49	AO	126000000.0	8.1	-6.14	258.274	-7.729	258.274	1.0	0.66	81.57	s	p	F	0	1	28.0	28.0	28.0	Melendez2014	T	T	T	T	T	T
Ni 1	6767.772	676.7772	-2.17	1.826	14727.67604	0.0	3.658	29503.76	1.0	3.0	0.0	1.43	GA	129000000.0	8.11	-6.12	-7.76	-7.76	-7.76	1.0	0.64	79.05	d	p	F	0	1	28.0	28.0	28.0	Melendez2014	T	T	T	T	T	T
Ni 1	6772.315	677.2315	-0.99	3.657	29495.67978	1.0	5.488	44263.705	2.0	5.0	1.43	1.09	AO	191000000.0	8.28	-5.33	795.245	-7.234	795.245	1.0	0.49	50.24	p	s	F	0	1	28.0	28.0	28.0	Melendez2014	T	T	T	T	T	T
Ni 1	7727.624	772.7624	-0.4	3.678	29665.05612	3.0	5.283	42610.269	3.0	7.0	1.21	1.34	AO	89100000.0	7.95	-4.81	783.244	-7.241	783.244	1.0	0.57	109.89	p	s	F	0	1	28.0	28.0	28.0	Melendez2014	T	T	T	T	T	T
Ni 1	7797.586	779.7586	-0.34	3.89	31374.9506	2.0	5.488	44263.705	2.0	5.0	1.06	1.09	GA	123000000.0	8.09	-5.33	-7.56	-7.56	-7.56	1.0	0.54	82.3	p	s	F	0	1	28.0	28.0	28.0	Melendez2014	T	T	T	T	T	T
O 1	7771.944	777.1944000000001	0.37	9.146	73767.42884000001	2.0	10.741	86632.008	3.0	7.0	99.0	99.0	AO	33100000.0	7.52	-5.55	453.234	-7.469	453.234	1.0	0.28	60.08	s	p	F	0	1	8.0	8.0	8.0	Melendez2014	T	T	T	T	T	T
O 1	7774.166	777.4166	0.22	9.146	73767.42884000001	2.0	10.741	86632.008	2.0	5.0	99.0	99.0	AO	33100000.0	7.52	-5.55	453.234	-7.469	453.234	1.0	0.25	51.56	s	p	F	0	1	8.0	8.0	8.0	Melendez2014	T	T	T	T	T	T
O 1	7775.388	777.5388	0.0	9.146	73767.42884000001	2.0	10.74	86623.943	1.0	3.0	99.0	99.0	AO	33100000.0	7.52	-5.55	453.234	-7.469	453.234	1.0	0.21	40.25	s	p	F	0	1	8.0	8.0	8.0	Melendez2014	T	T	T	T	T	T
Pd 1	3242.698	324.2698	0.07	0.8138	6563.736452	3.0	4.636	37391.862	3.0	7.0	1.33	1.28	99	100000.0	0.0	0.0	0.0	0.0	2.5	1.0	0.78	27.39	s	p	F	0	1	46.0	46.0	46.0	Melendez2014	T	T	T	F	T	T
Pd 1	3404.576	340.4576	0.33	0.8138	6563.736452	3.0	4.455	35931.999	4.0	9.0	1.33	1.25	99	100000.0	0.0	0.0	0.0	0.0	2.5	1.0	0.89	40.43	s	p	F	0	1	46.0	46.0	46.0	Melendez2014	T	T	T	F	T	T
Pd 1	3516.944	351.6944	-0.21	0.9615	7755.01671	2.0	4.486	36182.03	1.0	3.0	1.13	1.4	99	100000.0	0.0	0.0	0.0	0.0	2.5	1.0	0.57	19.27	s	p	F	0	1	46.0	46.0	46.0	Melendez2014	T	T	T	F	T	T
Pr 2	5259.73	525.973	0.114	0.633	5105.48682	7.0	2.99	24115.977	6.0	13.0	0.91	0.96	99	100000.0	0.0	0.0	0.0	0.0	2.5	1.0	0.07	3.01	d	p	F	0	2	59.1	59.0	59.01	Melendez2014	T	T	T	F	T	T
Ru 1	3436.736	343.6736	0.165	0.148	1193.69992	4.0	3.754	30278.052	5.0	11.0	1.35	1.26	99	100000.0	0.0	0.0	0.0	0.0	2.5	1.0	0.44	13.81	s	p	F	0	1	44.0	44.0	44.0	Melendez2014	T	T	T	F	T	T
Ru 1	3498.942	349.8942	0.322	0.0	0.0	5.0	3.542	28568.157	6.0	13.0	1.4	1.38	99	100000.0	0.0	0.0	0.0	0.0	2.5	1.0	0.73	27.25	s	p	F	0	1	44.0	44.0	44.0	Melendez2014	T	T	T	F	T	T
S 1	6046.0	604.6	-0.15	7.868	63459.66872	2.0	9.918	79994.065	1.0	3.0	1.84	1.5	GA	37200000.0	7.57	-3.94	-7.02	-7.02	-7.02	1.0	0.0	0.47	p	d	F	0	1	16.0	16.0	16.0	Melendez2014	T	T	T	T	T	T
S 1	6052.656	605.2656	-0.4	7.87	63475.7998	3.0	9.918	79994.065	4.0	9.0	1.67	1.5	GA	37200000.0	7.57	-3.94	-7.02	-7.02	-7.02	1.0	0.05	5.31	p	d	F	0	1	16.0	16.0	16.0	Melendez2014	T	T	T	T	T	T
S 1	6743.54	674.354	-0.6	7.866	63443.53764	1.0	9.704	78268.039	2.0	5.0	2.5	1.5	GA	39800000.0	7.6	-4.52	-7.16	-7.16	-7.16	1.0	0.04	3.89	p	d	F	0	1	16.0	16.0	16.0	Melendez2014	T	T	T	T	T	T
S 1	6757.153	675.7153000000001	-0.15	7.87	63475.7998	3.0	9.704	78268.039	4.0	9.0	1.67	1.5	GA	39800000.0	7.6	-4.52	-7.16	-7.16	-7.16	1.0	0.13	15.59	p	d	F	0	1	16.0	16.0	16.0	Melendez2014	T	T	T	T	T	T
Sc 1	4743.821	474.3821	0.35	1.4478	11677.288812	4.5	4.061	32754.174	3.5	8.0	1.33	1.41	AO	123000000.0	8.09	-5.59	389.26	-7.547	389.26	1.0	0.24	12.55	s	p	F	0	1	21.0	21.0	21.0	Melendez2014	T	T	T	T	T	T
Sc 1	5081.57	508.157	0.3	1.4478	11677.288812	4.5	3.887	31350.77	4.5	10.0	1.33	1.33	GA	91200000.0	7.96	-5.78	-7.75	-7.75	-7.75	1.0	0.25	14.33	s	p	F	0	1	21.0	21.0	21.0	Melendez2014	T	T	T	T	T	T
Sc 1	5520.497	552.0497	0.55	1.8649	15041.425546	3.5	4.11	33149.386	4.5	10.0	1.13	1.06	GA	55000000.0	7.74	-5.76	-7.72	-7.72	-7.72	1.0	0.08	4.53	s	p	F	0	1	21.0	21.0	21.0	Melendez2014	T	T	T	T	T	T
Sc 1	5671.821	567.1821	0.55	1.4478	11677.288812	4.5	3.633	29302.121	5.5	12.0	1.33	1.27	GA	60300000.0	7.78	-6.01	-7.81	-7.81	-7.81	1.0	0.25	16.06	s	p	F	0	1	21.0	21.0	21.0	Melendez2014	T	T	T	T	T	T
Sc 2	5684.19	568.419	-0.95	1.507	12154.76878	2.0	3.688	29745.726	1.0	3.0	1.48	1.48	GA	148000000.0	8.17	-6.55	-7.86	-7.86	-7.86	1.0	0.49	36.96	d	p	F	0	2	21.1	21.0	21.01	Melendez2014	T	T	T	T	T	T
Sc 2	6245.63	624.563	-1.03	1.507	12154.76878	2.0	3.492	28164.88	3.0	7.0	1.48	1.32	GA	240000000.0	8.38	-6.59	-7.83	-7.83	-7.83	1.0	0.48	40.98	d	p	F	0	2	21.1	21.0	21.01	Melendez2014	T	T	T	T	T	T
Sc 2	6279.76	627.976	-1.2	1.5	12098.31	1.0	3.474	28019.7	2.0	5.0	1.49	1.16	GA	240000000.0	8.38	-6.59	-7.83	-7.83	-7.83	1.0	0.38	30.46	d	p	F	0	2	21.1	21.0	21.01	Melendez2014	T	T	T	T	T	T
Sc 2	6320.843	632.0843	-1.85	1.5	12098.31	1.0	3.461	27914.848	1.0	3.0	1.49	0.51	GA	240000000.0	8.38	-6.59	-7.83	-7.83	-7.83	1.0	0.16	11.35	d	p	F	0	2	21.1	21.0	21.01	Melendez2014	T	T	T	T	T	T
Si 1	5488.983	548.8983000000001	-1.69	5.614	45279.94156	1.0	7.872	63491.962	2.0	5.0	0.5	0.87	GA	72400000.0	7.86	-2.42	-6.86	-6.86	-6.86	1.0	0.04	6.82	d	f	F	0	1	14.0	14.0	14.0	Melendez2014	T	T	T	T	T	T
Si 1	5517.54	551.754	-2.496	5.08	40972.9432	1.0	7.329	59112.372	2.0	5.0	1.0	0.98	GA	427000000.0	8.63	-4.46	-7.32	-7.32	-7.32	1.0	0.13	9.87	d	f	F	0	1	14.0	14.0	14.0	Melendez2014	T	T	T	T	T	T
Si 1	5645.611	564.5611	-2.04	4.929	39755.04666	1.0	7.125	57467.001	2.0	5.0	1.5	1.48	GA	347000000.0	8.54	-4.56	-7.29	-7.29	-7.29	1.0	0.34	31.02	s	p	F	0	1	14.0	14.0	14.0	Melendez2014	T	T	T	T	T	T
Si 1	5665.554	566.5554	-1.94	4.92	39682.4568	0.0	7.108	57329.887	1.0	3.0	0.0	1.57	GA	339000000.0	8.53	-4.57	-7.3	-7.3	-7.3	1.0	0.39	36.68	s	p	F	0	1	14.0	14.0	14.0	Melendez2014	T	T	T	T	T	T
Si 1	5684.484	568.4484	-1.55	4.953	39948.619620000005	2.0	7.134	57539.591	1.0	3.0	1.5	1.84	GA	347000000.0	8.54	-5.05	-7.3	-7.3	-7.3	1.0	0.53	57.54	s	p	F	0	1	14.0	14.0	14.0	Melendez2014	T	T	T	T	T	T
Si 1	5690.425	569.0425	-1.77	4.929	39755.04666	1.0	7.108	57329.887	1.0	3.0	1.5	1.57	GA	347000000.0	8.54	-4.57	-7.3	-7.3	-7.3	1.0	0.46	45.86	s	p	F	0	1	14.0	14.0	14.0	Melendez2014	T	T	T	T	T	T
Si 1	5701.104	570.1104	-1.95	4.93	39763.1122	1.0	7.104	57297.625	0.0	1.0	1.5	0.0	GA	347000000.0	8.54	-4.74	-7.29	-7.29	-7.29	1.0	0.38	35.64	s	p	F	0	1	14.0	14.0	14.0	Melendez2014	T	T	T	T	T	T
Si 1	5793.073	579.3073	-1.96	4.929	39755.04666	1.0	7.069	57015.331	2.0	5.0	1.5	1.18	GA	339000000.0	8.53	-4.37	-7.31	-7.31	-7.31	1.0	0.37	35.43	s	p	F	0	1	14.0	14.0	14.0	Melendez2014	T	T	T	T	T	T
Si 1	6125.021	612.5020999999999	-1.5	5.614	45279.94156	1.0	7.637	61596.56	2.0	5.0	0.5	0.92	GA	81300000.0	7.91	-5.56	-7.13	-7.13	-7.13	1.0	0.32	33.66	d	f	F	0	1	14.0	14.0	14.0	Melendez2014	T	T	T	T	T	T
Si 1	6145.015	614.5015000000001	-1.41	5.616	45296.07264	2.0	7.633	61564.297	3.0	7.0	1.17	0.93	GA	83200000.0	7.92	-3.63	-7.13	-7.13	-7.13	1.0	0.37	45.21	d	f	F	0	1	14.0	14.0	14.0	Melendez2014	T	T	T	T	T	T
Si 1	6243.823	624.3823	-1.27	5.616	45296.07264	2.0	7.601	61306.2	3.0	7.0	1.17	0.87	GA	81300000.0	7.91	-3.5	-7.13	-7.13	-7.13	1.0	0.39	51.0	d	f	F	0	1	14.0	14.0	14.0	Melendez2014	T	T	T	T	T	T
Si 1	6244.476	624.4476	-1.32	5.616	45296.07264	2.0	7.601	61306.2	3.0	7.0	1.17	1.14	GA	81300000.0	7.91	-3.49	-7.13	-7.13	-7.13	1.0	0.45	63.03	d	f	F	0	1	14.0	14.0	14.0	Melendez2014	T	T	T	T	T	T
Si 1	6721.848	672.1848	-1.12	5.862	47280.19548	1.0	7.707	62161.148	2.0	5.0	1.0	0.87	GA	24500000.0	7.39	-3.1	-7.02	-7.02	-7.02	1.0	0.17	22.99	p	d	F	0	1	14.0	14.0	14.0	Melendez2014	T	T	T	T	T	T
Si 1	6741.63	674.163	-1.65	5.984	48264.19136	3.0	7.823	63096.751	2.0	5.0	1.33	1.5	GA	31600000.0	7.5	-3.6	-6.92	-6.92	-6.92	1.0	0.09	11.34	p	s	F	0	1	14.0	14.0	14.0	Melendez2014	T	T	T	T	T	T
Sm 2	3760.7	376.07	-0.42	0.18	1451.7972	3.5	3.481	28076.159	3.5	8.0	1.61	1.38	99	100000.0	0.0	0.0	0.0	0.0	2.5	1.0	0.3	9.34	s	p	F	0	2	62.1	62.0	62.01	Melendez2014	T	T	T	F	T	T
Sm 2	4318.936	431.8936	-0.25	0.277	2234.1545800000004	4.5	3.147	25382.267	5.5	12.0	1.58	1.49	99	100000.0	0.0	0.0	0.0	0.0	2.5	1.0	0.33	11.8	s	p	F	0	2	62.1	62.0	62.01	Melendez2014	T	T	T	F	T	T
Sm 2	4467.341	446.7341	0.15	0.659	5315.190860000001	5.5	3.434	27697.078	6.5	14.0	1.46	1.36	99	100000.0	0.0	0.0	0.0	0.0	2.5	1.0	0.34	12.72	s	p	F	0	2	62.1	62.0	62.01	Melendez2014	T	T	T	F	T	T
Sm 2	4519.63	451.963	-0.35	0.543	4379.588220000001	4.5	3.286	26503.378	5.5	12.0	1.44	1.53	99	100000.0	0.0	0.0	0.0	0.0	2.5	1.0	0.17	5.99	s	p	F	0	2	62.1	62.0	62.01	Melendez2014	T	T	T	F	T	T
Sm 2	4676.902	467.6902	-0.87	0.04	322.6216	1.5	2.691	21704.379	1.5	4.0	1.98	0.51	99	100000.0	0.0	0.0	0.0	0.0	2.5	1.0	0.16	5.82	s	p	F	0	2	62.1	62.0	62.01	Melendez2014	T	T	T	F	T	T
Sr 1	4607.338	460.7338	0.283	0.0	0.0	0.0	2.69	21696.313	1.0	3.0	99.0	99.0	99	100000.0	0.0	0.0	0.0	0.0	2.5	1.0	0.79	53.96	s	p	F	0	1	38.0	38.0	38.0	Melendez2014	T	T	T	F	T	T
Ti 1	4465.802	446.5802	-0.163	1.7393	14028.393722	2.0	4.515	36415.931	3.0	7.0	1.82	1.66	AO	135000000.0	8.13	-6.05	331.247	-7.615	331.247	1.0	0.67	41.25	s	p	F	0	1	22.0	22.0	22.0	Melendez2014	T	T	T	T	T	T
Ti 1	4555.485	455.5485	-0.488	0.8484	6842.804136000001	5.0	3.569	28785.927	4.0	9.0	1.41	1.34	AO	135000000.0	8.13	-5.28	345.242	-7.596	345.242	1.0	0.81	68.99	s	p	F	0	1	22.0	22.0	22.0	Melendez2014	T	T	T	F	T	T
Ti 1	4758.12	475.812	0.425	2.2492	18141.012568	5.0	4.854	39150.151	5.0	11.0	1.02	1.02	AO	120000000.0	8.08	-6.04	326.246	-7.621	326.246	1.0	0.69	49.27	s	p	F	0	1	22.0	22.0	22.0	Melendez2014	T	T	T	T	T	T
Ti 1	4759.272	475.9272	0.514	2.2555	18191.82547	6.0	4.86	39198.544	6.0	13.0	1.17	1.18	AO	120000000.0	8.08	-6.04	327.246	-7.62	327.246	1.0	0.71	52.67	s	p	F	0	1	22.0	22.0	22.0	Melendez2014	T	T	T	T	T	T
Ti 1	4820.41	482.041	-0.439	1.5024	12117.667296	4.0	4.074	32859.026	3.0	7.0	0.98	0.99	AO	162000000.0	8.21	-5.94	324.25	-7.625	324.25	1.0	0.63	41.94	X	X	F	0	1	22.0	22.0	22.0	Melendez2014	T	T	T	T	T	T
Ti 1	4913.616	491.3616	0.161	1.8731	15107.562974	3.0	4.396	35456.131	4.0	9.0	0.74	0.79	AO	70800000.0	7.85	-5.89	327.244	-7.619	327.244	1.0	0.7	53.58	s	p	F	0	1	22.0	22.0	22.0	Melendez2014	T	T	T	T	T	T
Ti 1	5022.871	502.2871	-0.434	0.8258	6660.522932	3.0	3.294	26567.902	3.0	7.0	1.25	0.91	AO	87100000.0	7.94	-6.05	317.245	-7.633	317.245	1.0	0.78	76.22	s	p	F	0	1	22.0	22.0	22.0	Melendez2014	T	T	T	F	T	T
Ti 1	5113.448	511.3448	-0.783	1.443	11638.57422	3.0	3.867	31189.459	2.0	5.0	1.08	1.17	AO	23400000.0	7.37	-6.01	298.243	-7.66	298.243	1.0	0.49	30.77	s	p	F	0	1	22.0	22.0	22.0	Melendez2014	T	T	T	T	T	T
Ti 1	5147.479	514.7479000000001	-2.012	0.0	0.0	2.0	2.408	19421.83	3.0	7.0	0.67	1.07	AO	6610000.0	6.82	-6.11	255.243	-7.727	255.243	1.0	0.59	39.98	s	p	F	0	1	22.0	22.0	22.0	Melendez2014	T	T	T	F	T	T
Ti 1	5219.7	521.97	-2.292	0.021	169.37634	3.0	2.396	19325.043	2.0	5.0	1.08	0.67	AO	6610000.0	6.82	-6.11	255.243	-7.727	255.243	1.0	0.43	26.36	s	p	F	0	1	22.0	22.0	22.0	Melendez2014	T	T	T	F	T	T
Ti 1	5295.774	529.5774	-1.633	1.0665	8601.89841	2.0	3.407	27479.308	3.0	7.0	1.49	1.36	AO	9330000.0	6.97	-6.1	278.253	-7.692	278.253	1.0	0.22	12.78	s	p	F	0	1	22.0	22.0	22.0	Melendez2014	T	T	T	T	T	T
Ti 1	5490.15	549.015	-0.933	1.46	11775.6884	4.0	3.718	29987.693	3.0	7.0	1.26	1.49	AO	151000000.0	8.18	-6.1	374.262	-7.564	374.262	1.0	0.39	25.21	s	p	F	0	1	22.0	22.0	22.0	Melendez2014	T	T	T	T	T	T
Ti 1	5739.464	573.9464	-0.6	2.249	18139.39946	5.0	4.409	35560.983	5.0	11.0	1.02	1.04	AO	70800000.0	7.85	-6.04	327.246	-7.62	327.246	1.0	0.15	9.43	s	p	F	0	1	22.0	22.0	22.0	Melendez2014	T	T	T	T	T	T
Ti 1	5866.452	586.6452	-0.84	1.066	8597.86564	2.0	3.179	25640.364	3.0	7.0	1.49	1.33	AO	100000000.0	8.0	-6.07	259.262	-7.724	259.262	1.0	0.57	46.79	s	p	F	0	1	22.0	22.0	22.0	Melendez2014	T	T	T	T	T	T
Ti 1	6091.174	609.1174	-0.423	2.2673	18286.998842	4.0	4.302	34697.97	5.0	11.0	1.02	1.02	AO	93300000.0	7.97	-6.02	328.24	-7.617	328.24	1.0	0.24	16.6	s	p	F	0	1	22.0	22.0	22.0	Melendez2014	T	T	T	T	T	T
Ti 1	6126.217	612.6216999999999	-1.424	1.066	8597.86564	2.0	3.09	24922.531	1.0	3.0	1.49	1.99	AO	8320000.0	6.92	-6.1	254.263	-7.733	254.263	1.0	0.28	19.12	s	p	F	0	1	22.0	22.0	22.0	Melendez2014	T	T	T	T	T	T
Ti 1	6258.104	625.8104000000001	-0.355	1.443	11638.57422	3.0	3.424	27616.423	4.0	9.0	1.08	1.05	AO	178000000.0	8.25	-5.99	355.237	-7.582	355.237	1.0	0.55	49.88	s	p	F	0	1	22.0	22.0	22.0	Melendez2014	T	T	T	T	T	T
Ti 1	6261.101	626.1101	-0.479	1.429	11525.65666	2.0	3.409	27495.439	3.0	7.0	0.67	0.75	AO	182000000.0	8.26	-5.98	353.236	-7.585	353.236	1.0	0.51	43.34	s	p	F	0	1	22.0	22.0	22.0	Melendez2014	T	T	T	T	T	T
Ti 2	4470.857	447.0857	-2.06	1.1649	9395.547546	1.5	3.937	31754.047	1.5	4.0	1.74	0.92	GA	145000000.0	8.16	-6.6	-7.85	-7.85	-7.85	1.0	0.8	65.51	d	p	F	0	2	22.1	22.0	22.01	Melendez2014	T	T	T	T	T	T
Ti 2	4544.028	454.4028	-2.53	1.2429	10024.659666	2.5	3.971	32028.275	2.5	6.0	1.6	1.2	GA	148000000.0	8.17	-6.41	-7.85	-7.85	-7.85	1.0	0.62	38.16	s	p	F	0	2	22.1	22.0	22.01	Melendez2014	T	T	T	T	T	T
Ti 2	4583.408	458.34080000000006	-2.87	1.165	9396.3541	1.5	3.869	31205.59	2.5	6.0	1.74	0.87	GA	141000000.0	8.15	-6.59	-7.85	-7.85	-7.85	1.0	0.53	30.13	d	p	F	0	2	22.1	22.0	22.01	Melendez2014	T	T	T	T	T	T
Ti 2	4636.33	463.633	-3.152	1.16	9356.0264	1.5	3.838	30955.558	2.5	6.0	1.74	1.03	GA	240000000.0	8.38	-6.5	-7.84	-7.84	-7.84	1.0	0.31	16.02	d	p	F	0	2	22.1	22.0	22.01	Melendez2014	T	T	T	T	T	T
Ti 2	4657.212	465.72120000000007	-2.47	1.243	10025.46622	2.5	3.904	31487.884	3.5	8.0	1.6	1.15	GA	145000000.0	8.16	-6.41	-7.85	-7.85	-7.85	1.0	0.72	51.71	s	p	F	0	2	22.1	22.0	22.01	Melendez2014	T	T	T	T	T	T
Ti 2	4779.985	477.9985	-1.26	2.0477	16515.806258	0.5	4.641	37432.19	0.5	2.0	0.66	2.09	GA	170000000.0	8.23	-6.46	-7.86	-7.86	-7.86	1.0	0.74	63.15	s	p	F	0	2	22.1	22.0	22.01	Melendez2014	T	T	T	T	T	T
Ti 2	4865.611	486.5611	-2.81	1.116	9001.14264	3.5	3.663	29544.088	2.5	6.0	0.89	0.58	GA	166000000.0	8.22	-6.49	-7.86	-7.86	-7.86	1.0	0.6	39.41	d	p	F	0	2	22.1	22.0	22.01	Melendez2014	T	T	T	T	T	T
Ti 2	4874.014	487.4014	-0.9	3.095	24962.8463	1.5	5.638	45473.537	0.5	2.0	0.8	0.67	GA	182000000.0	8.26	-6.33	-7.83	-7.83	-7.83	1.0	0.55	37.17	s	p	F	0	2	22.1	22.0	22.01	Melendez2014	T	T	T	T	T	T
Ti 2	4911.193	491.1193	-0.537	3.123	25188.68142	2.5	5.647	45546.127	1.5	4.0	1.2	1.31	GA	182000000.0	8.26	-6.33	-7.83	-7.83	-7.83	1.0	0.61	45.63	s	p	F	0	2	22.1	22.0	22.01	Melendez2014	T	T	T	T	T	T
Ti 2	5211.54	521.154	-1.49	2.59	20889.7486	3.5	4.969	40077.688	3.5	8.0	1.14	1.16	GA	263000000.0	8.42	-6.48	-7.83	-7.83	-7.83	1.0	0.5	34.6	d	p	F	0	2	22.1	22.0	22.01	Melendez2014	T	T	T	T	T	T
Ti 2	5336.778	533.6778	-1.63	1.582	12759.68428	2.5	3.904	31487.884	3.5	8.0	1.2	1.15	GA	145000000.0	8.16	-6.59	-7.85	-7.85	-7.85	1.0	0.72	70.88	d	p	F	0	2	22.1	22.0	22.01	Melendez2014	T	T	T	T	T	T
Ti 2	5381.015	538.1015	-1.97	1.565	12622.5701	1.5	3.869	31205.59	2.5	6.0	0.8	0.87	GA	141000000.0	8.15	-6.59	-7.85	-7.85	-7.85	1.0	0.65	54.66	d	p	F	0	2	22.1	22.0	22.01	Melendez2014	T	T	T	T	T	T
Ti 2	5418.767	541.8767	-2.11	1.582	12759.68428	2.5	3.869	31205.59	2.5	6.0	1.2	0.87	GA	141000000.0	8.15	-6.59	-7.85	-7.85	-7.85	1.0	0.59	46.5	d	p	F	0	2	22.1	22.0	22.01	Melendez2014	T	T	T	T	T	T
V 1	4875.486	487.5486	-0.81	0.04	322.6216	3.5	2.582	20825.235	2.5	6.0	1.24	1.35	AO	14500000.0	7.16	-5.86	250.244	-7.736	250.244	1.0	0.7	48.7	X	X	F	0	1	23.0	23.0	23.0	Melendez2014	T	T	T	F	T	T
V 1	5670.85	567.085	-0.42	1.08	8710.7832	3.5	3.266	26342.067	4.5	10.0	1.39	1.13	AO	8320000.0	6.92	-6.13	317.243	-7.633	317.243	1.0	0.33	21.33	X	X	F	0	1	23.0	23.0	23.0	Melendez2014	T	T	T	T	T	T
V 1	5727.046	572.7046	-0.011	1.081	8718.84874	3.5	3.245	26172.69	4.5	10.0	1.39	1.23	AO	85100000.0	7.93	-5.96	343.237	-7.598	343.237	1.0	0.53	39.55	s	p	F	0	1	23.0	23.0	23.0	Melendez2014	T	T	T	T	T	T
V 1	6039.73	603.973	-0.65	1.063	8573.66902	2.5	3.116	25132.235	2.5	6.0	1.35	1.59	AO	45700000.0	7.66	-6.06	331.239	-7.613	331.239	1.0	0.23	15.37	s	p	F	0	1	23.0	23.0	23.0	Melendez2014	T	T	T	T	T	T
V 1	6081.44	608.144	-0.578	1.051	8476.882539999999	1.5	3.089	24914.465	1.5	4.0	1.19	1.71	AO	45700000.0	7.66	-6.07	328.24	-7.618	328.24	1.0	0.25	17.04	s	p	F	0	1	23.0	23.0	23.0	Melendez2014	T	T	T	T	T	T
V 1	6090.21	609.021	-0.062	1.08	8710.7832	3.5	3.116	25132.235	2.5	6.0	1.39	1.59	AO	45700000.0	7.66	-6.06	331.239	-7.613	331.239	1.0	0.49	38.24	X	X	F	0	1	23.0	23.0	23.0	Melendez2014	T	T	T	T	T	T
V 1	6119.528	611.9528	-0.32	1.064	8581.73456	2.5	3.089	24914.465	1.5	4.0	1.35	1.71	AO	45700000.0	7.66	-6.07	328.24	-7.618	328.24	1.0	0.36	25.8	s	p	F	0	1	23.0	23.0	23.0	Melendez2014	T	T	T	T	T	T
V 1	6199.2	619.92	-1.28	0.286	2306.74444	3.5	2.286	18437.834	4.5	10.0	1.59	1.55	AO	3240000.0	6.51	-6.16	249.254	-7.74	249.254	1.0	0.22	14.63	X	X	F	0	1	23.0	23.0	23.0	Melendez2014	T	T	T	F	T	T
V 1	6251.82	625.182	-1.34	0.286	2306.74444	3.5	2.269	18300.719	3.5	8.0	1.59	1.56	AO	2950000.0	6.47	-6.16	249.254	-7.74	249.254	1.0	0.26	17.43	X	X	F	0	1	23.0	23.0	23.0	Melendez2014	T	T	T	F	T	T
Y 2	4854.867	485.4867	-0.38	0.9923	8003.435342	2.0	3.545	28592.353	1.0	3.0	0.67	0.6	GA	288000000.0	8.46	-6.4	-7.76	-7.76	-7.76	1.0	0.72	47.75	d	p	F	0	2	39.1	39.0	39.01	Melendez2014	T	T	T	F	T	T
Y 2	4883.685	488.3685	0.07	1.0841	8743.851914	4.0	3.622	29213.4	3.0	7.0	1.26	1.33	GA	295000000.0	8.47	-6.4	-7.76	-7.76	-7.76	1.0	0.78	62.23	d	p	F	0	2	39.1	39.0	39.01	Melendez2014	T	T	T	T	T	T
Y 2	4900.11	490.011	-0.09	1.0326	8328.476604	3.0	3.562	28729.468	2.0	5.0	1.09	1.17	GA	288000000.0	8.46	-6.4	-7.76	-7.76	-7.76	1.0	0.76	57.88	d	p	F	0	2	39.1	39.0	39.01	Melendez2014	T	T	T	T	T	T
Y 2	5087.42	508.742	-0.17	1.0841	8743.851914	4.0	3.52	28390.715	4.0	9.0	1.26	1.25	GA	204000000.0	8.31	-6.4	-7.81	-7.81	-7.81	1.0	0.72	53.03	d	p	F	0	2	39.1	39.0	39.01	Melendez2014	T	T	T	T	T	T
Y 2	5200.413	520.0413	-0.57	0.9923	8003.435342	2.0	3.376	27229.277	2.0	5.0	0.67	0.76	GA	200000000.0	8.3	-6.4	-7.8	-7.8	-7.8	1.0	0.64	41.05	d	p	F	0	2	39.1	39.0	39.01	Melendez2014	T	T	T	F	T	T
Zn 1	4722.159	472.2159	-0.38	4.03	32504.1262	1.0	6.655	53676.195	1.0	3.0	1.5	2.0	99	100000.0	0.0	0.0	0.0	0.0	2.5	1.0	0.77	69.63	p	s	F	0	1	30.0	30.0	30.0	Melendez2014	T	T	T	F	T	T
Zn 1	4810.534	481.0534	-0.16	4.08	32907.4032	2.0	6.655	53676.195	1.0	3.0	1.5	2.0	99	100000.0	0.0	0.0	0.0	0.0	2.5	1.0	0.78	77.25	p	s	F	0	1	30.0	30.0	30.0	Melendez2014	T	T	T	F	T	T
Zn 1	6362.35	636.235	0.14	5.79	46699.4766	1.0	7.744	62459.573	2.0	5.0	99.0	99.0	99	100000.0	0.0	0.0	0.0	0.0	2.5	1.0	0.31	24.28	p	d	F	0	1	30.0	30.0	30.0	Melendez2014	T	T	T	F	T	T
Zr 2	4050.32	405.032	-1.06	0.713	5750.73002	2.5	3.774	30439.363	1.5	4.0	0.88	0.59	99	100000.0	0.0	0.0	0.0	0.0	2.5	1.0	0.59	24.81	s	p	F	0	2	40.1	40.0	40.01	Melendez2014	T	T	T	F	T	T
Zr 2	4208.98	420.898	-0.51	0.713	5750.73002	2.5	3.658	29503.76	2.5	6.0	0.88	0.84	99	100000.0	0.0	0.0	0.0	0.0	2.5	1.0	0.8	45.35	s	p	F	0	2	40.1	40.0	40.01	Melendez2014	T	T	T	F	T	T
Zr 2	4442.992	444.2992	-0.42	1.486	11985.39244	4.5	4.276	34488.266	3.5	8.0	0.91	0.89	99	100000.0	0.0	0.0	0.0	0.0	2.5	1.0	0.5	22.59	d	p	F	0	2	40.1	40.0	40.01	Melendez2014	T	T	T	F	T	T
